#
# There is insufficient memory for the Java Runtime Environment to continue.
# Native memory allocation (malloc) failed to allocate 1080416 bytes for Chunk::new
# Possible reasons:
#   The system is out of physical RAM or swap space
#   The process is running with CompressedOops enabled, and the Java Heap may be blocking the growth of the native heap
# Possible solutions:
#   Reduce memory load on the system
#   Increase physical memory or swap space
#   Check if swap backing store is full
#   Decrease Java heap size (-Xmx/-Xms)
#   Decrease number of Java threads
#   Decrease Java thread stack sizes (-Xss)
#   Set larger code cache with -XX:ReservedCodeCacheSize=
#   JVM is running with Unscaled Compressed Oops mode in which the Java heap is
#     placed in the first 4GB address space. The Java Heap base address is the
#     maximum limit for the native heap growth. Please use -XX:HeapBaseMinAddress
#     to set the Java Heap base and to place the Java Heap above 4GB virtual address.
# This output file may be truncated or incomplete.
#
#  Out of Memory Error (./src/hotspot/share/memory/arena.cpp:197), pid=20620, tid=24464
#
# JRE version: OpenJDK Runtime Environment (11.0.8+10) (build 11.0.8+10-b944.6842174)
# Java VM: OpenJDK 64-Bit Server VM (11.0.8+10-b944.6842174, mixed mode, tiered, compressed oops, g1 gc, windows-amd64)
# No core dump will be written. Minidumps are not enabled by default on client versions of Windows
#

---------------  S U M M A R Y ------------

Command Line: --add-opens=java.base/java.util=ALL-UNNAMED --add-opens=java.base/java.lang=ALL-UNNAMED --add-opens=java.base/java.lang.invoke=ALL-UNNAMED --add-opens=java.prefs/java.util.prefs=ALL-UNNAMED -Xmx2048m -Dfile.encoding=UTF-8 -Duser.country=IT -Duser.language=it -Duser.variant org.gradle.launcher.daemon.bootstrap.GradleDaemon 6.8

Host: 11th Gen Intel(R) Core(TM) i7-1165G7 @ 2.80GHz, 8 cores, 15G,  Windows 10 , 64 bit Build 26100 (10.0.26100.8246)
Time: Thu Apr 23 10:53:03 2026 ora legale Europa occidentale elapsed time: 2122 seconds (0d 0h 35m 22s)

---------------  T H R E A D  ---------------

Current thread (0x0000018b79859000):  JavaThread "C2 CompilerThread2" daemon [_thread_in_native, id=24464, stack(0x0000002d05600000,0x0000002d05700000)]


Current CompileTask:
C2:2122495 22447   !   4       org.gradle.api.internal.artifacts.ivyservice.ivyresolve.ErrorHandlingModuleComponentRepository$ErrorHandlingModuleComponentRepositoryAccess::tryResolveAndMaybeBlacklist (221 bytes)

Stack: [0x0000002d05600000,0x0000002d05700000]
Native frames: (J=compiled Java code, j=interpreted, Vv=VM code, C=native code)
V  [jvm.dll+0x5de50a]
V  [jvm.dll+0x7122f5]
V  [jvm.dll+0x71384d]
V  [jvm.dll+0x713f03]
V  [jvm.dll+0x23e728]
V  [jvm.dll+0xb899c]
V  [jvm.dll+0xb8e9c]
V  [jvm.dll+0x2b20e4]
V  [jvm.dll+0x502098]
V  [jvm.dll+0x1f8cde]
V  [jvm.dll+0x1f685f]
V  [jvm.dll+0x17f32c]
V  [jvm.dll+0x205047]
V  [jvm.dll+0x203891]
V  [jvm.dll+0x6dad3f]
V  [jvm.dll+0x6d3895]
V  [jvm.dll+0x5dd4a6]
C  [ucrtbase.dll+0x37b0]
C  [KERNEL32.DLL+0x2e8d7]
C  [ntdll.dll+0x8c3fc]


---------------  P R O C E S S  ---------------

Threads class SMR info:
_java_thread_list=0x0000018b7cd0d7f0, length=93, elements={
0x0000018b590b3800, 0x0000018b73c33800, 0x0000018b73c36800, 0x0000018b73c99800,
0x0000018b73c9a800, 0x0000018b73c9e800, 0x0000018b73c9f800, 0x0000018b73ca1000,
0x0000018b73e11800, 0x0000018b73e16000, 0x0000018b75e8d800, 0x0000018b74147800,
0x0000018b75b24000, 0x0000018b75622800, 0x0000018b75621000, 0x0000018b75623800,
0x0000018b75627800, 0x0000018b763f6800, 0x0000018b77bd7000, 0x0000018b7986e800,
0x0000018b797c3000, 0x0000018b7984c800, 0x0000018b7984f000, 0x0000018b79850000,
0x0000018b7984d800, 0x0000018b7984e800, 0x0000018b79853000, 0x0000018b79850800,
0x0000018b79854000, 0x0000018b79851800, 0x0000018b79855800, 0x0000018b79857800,
0x0000018b79856800, 0x0000018b79855000, 0x0000018b79859000, 0x0000018b79859800,
0x0000018b79858000, 0x0000018b7985b800, 0x0000018b7985a800, 0x0000018b797c6000,
0x0000018b797c5800, 0x0000018b797c4800, 0x0000018b797c3800, 0x0000018b797c8800,
0x0000018b797c9800, 0x0000018b797c7000, 0x0000018b797ca000, 0x0000018b797c8000,
0x0000018b797cc800, 0x0000018b797cd800, 0x0000018b797cb000, 0x0000018b797ce800,
0x0000018b797cc000, 0x0000018b797d1000, 0x0000018b797cf000, 0x0000018b797d0000,
0x0000018b77bd9800, 0x0000018b77bd8800, 0x0000018b77bda000, 0x0000018b77bd7800,
0x0000018b77bdb000, 0x0000018b77bdb800, 0x0000018b77bde000, 0x0000018b77bdf000,
0x0000018b77bdd800, 0x0000018b77bdc800, 0x0000018b77be0000, 0x0000018b77be3000,
0x0000018b77be1800, 0x0000018b77be0800, 0x0000018b77be4800, 0x0000018b77be5800,
0x0000018b77be4000, 0x0000018b7986f000, 0x0000018b7986c800, 0x0000018b79870000,
0x0000018b7986d800, 0x0000018b79873000, 0x0000018b79870800, 0x0000018b79871800,
0x0000018b79872800, 0x0000018b763f7800, 0x0000018b763f6000, 0x0000018b763f5000,
0x0000018b763f9000, 0x0000018b763fb000, 0x0000018b763f8800, 0x0000018b763fa000,
0x0000018b75624000, 0x0000018b75621800, 0x0000018b75625800, 0x0000018b75625000,
0x0000018b75626800
}

Java Threads: ( => current thread )
  0x0000018b590b3800 JavaThread "main" [_thread_blocked, id=18916, stack(0x0000002d02d00000,0x0000002d02e00000)]
  0x0000018b73c33800 JavaThread "Reference Handler" daemon [_thread_blocked, id=25816, stack(0x0000002d03400000,0x0000002d03500000)]
  0x0000018b73c36800 JavaThread "Finalizer" daemon [_thread_blocked, id=6220, stack(0x0000002d03500000,0x0000002d03600000)]
  0x0000018b73c99800 JavaThread "Signal Dispatcher" daemon [_thread_blocked, id=11228, stack(0x0000002d03600000,0x0000002d03700000)]
  0x0000018b73c9a800 JavaThread "Attach Listener" daemon [_thread_blocked, id=10880, stack(0x0000002d03700000,0x0000002d03800000)]
  0x0000018b73c9e800 JavaThread "C2 CompilerThread0" daemon [_thread_blocked, id=21292, stack(0x0000002d03800000,0x0000002d03900000)]
  0x0000018b73c9f800 JavaThread "C1 CompilerThread0" daemon [_thread_blocked, id=15768, stack(0x0000002d03900000,0x0000002d03a00000)]
  0x0000018b73ca1000 JavaThread "Sweeper thread" daemon [_thread_blocked, id=21128, stack(0x0000002d03a00000,0x0000002d03b00000)]
  0x0000018b73e11800 JavaThread "Common-Cleaner" daemon [_thread_blocked, id=19008, stack(0x0000002d03b00000,0x0000002d03c00000)]
  0x0000018b73e16000 JavaThread "Service Thread" daemon [_thread_blocked, id=6924, stack(0x0000002d03c00000,0x0000002d03d00000)]
  0x0000018b75e8d800 JavaThread "Daemon health stats" [_thread_blocked, id=1264, stack(0x0000002d04500000,0x0000002d04600000)]
  0x0000018b74147800 JavaThread "Incoming local TCP Connector on port 52255" [_thread_in_native, id=21580, stack(0x0000002d04600000,0x0000002d04700000)]
  0x0000018b75b24000 JavaThread "Daemon periodic checks" [_thread_blocked, id=24136, stack(0x0000002d04700000,0x0000002d04800000)]
  0x0000018b75622800 JavaThread "Cache worker for file hash cache (C:\Users\fulvi\.gradle\caches\6.8\fileHashes)" [_thread_blocked, id=16968, stack(0x0000002d04f00000,0x0000002d05000000)]
  0x0000018b75621000 JavaThread "File lock request listener" [_thread_in_native, id=9932, stack(0x0000002d05000000,0x0000002d05100000)]
  0x0000018b75623800 JavaThread "Cache worker for journal cache (C:\Users\fulvi\.gradle\caches\journal-1)" [_thread_blocked, id=22604, stack(0x0000002d05400000,0x0000002d05500000)]
  0x0000018b75627800 JavaThread "Cache worker for execution history cache (C:\Users\fulvi\.gradle\caches\6.8\executionHistory)" [_thread_blocked, id=16176, stack(0x0000002d05b00000,0x0000002d05c00000)]
  0x0000018b763f6800 JavaThread "Cache worker for file content cache (C:\Users\fulvi\.gradle\caches\6.8\fileContent)" [_thread_blocked, id=3208, stack(0x0000002d05d00000,0x0000002d05e00000)]
  0x0000018b77bd7000 JavaThread "Memory manager" [_thread_blocked, id=12264, stack(0x0000002d0c500000,0x0000002d0c600000)]
  0x0000018b7986e800 JavaThread "ForkJoinPool.commonPool-worker-7" daemon [_thread_blocked, id=13704, stack(0x0000002d0d900000,0x0000002d0da00000)]
  0x0000018b797c3000 JavaThread "Cache worker for Java compile cache (C:\Users\fulvi\.gradle\caches\6.8\javaCompile)" [_thread_blocked, id=9448, stack(0x0000002d0cb00000,0x0000002d0cc00000)]
  0x0000018b7984c800 JavaThread "Daemon Thread 11" [_thread_blocked, id=20404, stack(0x0000002d02a00000,0x0000002d02b00000)]
  0x0000018b7984f000 JavaThread "Handler for socket connection from /127.0.0.1:52255 to /127.0.0.1:61475" [_thread_in_native, id=13784, stack(0x0000002d02b00000,0x0000002d02c00000)]
  0x0000018b79850000 JavaThread "Cancel handler" [_thread_blocked, id=15580, stack(0x0000002d02c00000,0x0000002d02d00000)]
  0x0000018b7984d800 JavaThread "Daemon worker Thread 11" [_thread_in_vm, id=5736, stack(0x0000002d03e00000,0x0000002d03f00000)]
  0x0000018b7984e800 JavaThread "Asynchronous log dispatcher for DefaultDaemonConnection: socket connection from /127.0.0.1:52255 to /127.0.0.1:61475" [_thread_blocked, id=25508, stack(0x0000002d04400000,0x0000002d04500000)]
  0x0000018b79853000 JavaThread "Stdin handler" [_thread_blocked, id=21432, stack(0x0000002d04800000,0x0000002d04900000)]
  0x0000018b79850800 JavaThread "Daemon client event forwarder" [_thread_blocked, id=8372, stack(0x0000002d04900000,0x0000002d04a00000)]
  0x0000018b79854000 JavaThread "Cache worker for file hash cache (C:\Users\fulvi\AndroidStudioProjects\Robot_application_listen\.gradle\6.8\fileHashes)" [_thread_blocked, id=11084, stack(0x0000002d04a00000,0x0000002d04b00000)]
  0x0000018b79851800 JavaThread "Cache worker for checksums cache (C:\Users\fulvi\AndroidStudioProjects\Robot_application_listen\.gradle\checksums)" [_thread_blocked, id=25492, stack(0x0000002d04b00000,0x0000002d04c00000)]
  0x0000018b79855800 JavaThread "Cache worker for cache directory md-supplier (C:\Users\fulvi\.gradle\caches\6.8\md-supplier)" [_thread_blocked, id=22264, stack(0x0000002d04c00000,0x0000002d04d00000)]
  0x0000018b79857800 JavaThread "Cache worker for cache directory md-rule (C:\Users\fulvi\.gradle\caches\6.8\md-rule)" [_thread_blocked, id=360, stack(0x0000002d04d00000,0x0000002d04e00000)]
  0x0000018b79856800 JavaThread "C2 CompilerThread1" daemon [_thread_blocked, id=3384, stack(0x0000002d04e00000,0x0000002d04f00000)]
  0x0000018b79855000 JavaThread "Cache worker for Build Output Cleanup Cache (C:\Users\fulvi\AndroidStudioProjects\Robot_application_listen\.gradle\buildOutputCleanup)" [_thread_blocked, id=7924, stack(0x0000002d05500000,0x0000002d05600000)]
=>0x0000018b79859000 JavaThread "C2 CompilerThread2" daemon [_thread_in_native, id=24464, stack(0x0000002d05600000,0x0000002d05700000)]
  0x0000018b79859800 JavaThread "Build operations" [_thread_blocked, id=15056, stack(0x0000002d05700000,0x0000002d05800000)]
  0x0000018b79858000 JavaThread "Build operations Thread 2" [_thread_blocked, id=21992, stack(0x0000002d05800000,0x0000002d05900000)]
  0x0000018b7985b800 JavaThread "Build operations Thread 3" [_thread_blocked, id=16092, stack(0x0000002d05900000,0x0000002d05a00000)]
  0x0000018b7985a800 JavaThread "Build operations Thread 4" [_thread_blocked, id=18380, stack(0x0000002d05a00000,0x0000002d05b00000)]
  0x0000018b797c6000 JavaThread "Build operations Thread 5" [_thread_blocked, id=14004, stack(0x0000002d05c00000,0x0000002d05d00000)]
  0x0000018b797c5800 JavaThread "Build operations Thread 6" [_thread_blocked, id=18072, stack(0x0000002d05e00000,0x0000002d05f00000)]
  0x0000018b797c4800 JavaThread "Build operations Thread 7" [_thread_blocked, id=21060, stack(0x0000002d05f00000,0x0000002d06000000)]
  0x0000018b797c3800 JavaThread "Build operations Thread 8" [_thread_blocked, id=18288, stack(0x0000002d06000000,0x0000002d06100000)]
  0x0000018b797c8800 JavaThread "jar transforms Thread 1046" [_thread_blocked, id=19728, stack(0x0000002d06100000,0x0000002d06200000)]
  0x0000018b797c9800 JavaThread "jar transforms Thread 1047" [_thread_blocked, id=14188, stack(0x0000002d06200000,0x0000002d06300000)]
  0x0000018b797c7000 JavaThread "jar transforms Thread 1048" [_thread_blocked, id=7532, stack(0x0000002d06300000,0x0000002d06400000)]
  0x0000018b797ca000 JavaThread "jar transforms Thread 1049" [_thread_blocked, id=25412, stack(0x0000002d06400000,0x0000002d06500000)]
  0x0000018b797c8000 JavaThread "jar transforms Thread 1050" [_thread_blocked, id=4104, stack(0x0000002d06500000,0x0000002d06600000)]
  0x0000018b797cc800 JavaThread "jar transforms Thread 1051" [_thread_blocked, id=14504, stack(0x0000002d06600000,0x0000002d06700000)]
  0x0000018b797cd800 JavaThread "jar transforms Thread 1052" [_thread_blocked, id=23144, stack(0x0000002d06700000,0x0000002d06800000)]
  0x0000018b797cb000 JavaThread "jar transforms Thread 1053" [_thread_blocked, id=23992, stack(0x0000002d06800000,0x0000002d06900000)]
  0x0000018b797ce800 JavaThread "jar transforms Thread 1054" [_thread_blocked, id=7656, stack(0x0000002d06900000,0x0000002d06a00000)]
  0x0000018b797cc000 JavaThread "jar transforms Thread 1055" [_thread_blocked, id=1908, stack(0x0000002d06a00000,0x0000002d06b00000)]
  0x0000018b797d1000 JavaThread "jar transforms Thread 1056" [_thread_blocked, id=23372, stack(0x0000002d06b00000,0x0000002d06c00000)]
  0x0000018b797cf000 JavaThread "jar transforms Thread 1057" [_thread_blocked, id=12104, stack(0x0000002d06c00000,0x0000002d06d00000)]
  0x0000018b797d0000 JavaThread "jar transforms Thread 1058" [_thread_blocked, id=6852, stack(0x0000002d06d00000,0x0000002d06e00000)]
  0x0000018b77bd9800 JavaThread "jar transforms Thread 1059" [_thread_blocked, id=11096, stack(0x0000002d06e00000,0x0000002d06f00000)]
  0x0000018b77bd8800 JavaThread "jar transforms Thread 1060" [_thread_blocked, id=14828, stack(0x0000002d06f00000,0x0000002d07000000)]
  0x0000018b77bda000 JavaThread "jar transforms Thread 1061" [_thread_blocked, id=5624, stack(0x0000002d07000000,0x0000002d07100000)]
  0x0000018b77bd7800 JavaThread "jar transforms Thread 1062" [_thread_blocked, id=7072, stack(0x0000002d07100000,0x0000002d07200000)]
  0x0000018b77bdb000 JavaThread "jar transforms Thread 1063" [_thread_blocked, id=20368, stack(0x0000002d07200000,0x0000002d07300000)]
  0x0000018b77bdb800 JavaThread "jar transforms Thread 1064" [_thread_blocked, id=13180, stack(0x0000002d07300000,0x0000002d07400000)]
  0x0000018b77bde000 JavaThread "jar transforms Thread 1065" [_thread_blocked, id=11936, stack(0x0000002d07400000,0x0000002d07500000)]
  0x0000018b77bdf000 JavaThread "jar transforms Thread 1066" [_thread_blocked, id=26200, stack(0x0000002d07500000,0x0000002d07600000)]
  0x0000018b77bdd800 JavaThread "jar transforms Thread 1067" [_thread_blocked, id=23332, stack(0x0000002d07600000,0x0000002d07700000)]
  0x0000018b77bdc800 JavaThread "jar transforms Thread 1068" [_thread_blocked, id=11108, stack(0x0000002d07700000,0x0000002d07800000)]
  0x0000018b77be0000 JavaThread "jar transforms Thread 1069" [_thread_blocked, id=22972, stack(0x0000002d07800000,0x0000002d07900000)]
  0x0000018b77be3000 JavaThread "jar transforms Thread 1070" [_thread_blocked, id=14288, stack(0x0000002d07900000,0x0000002d07a00000)]
  0x0000018b77be1800 JavaThread "jar transforms Thread 1071" [_thread_blocked, id=24996, stack(0x0000002d07a00000,0x0000002d07b00000)]
  0x0000018b77be0800 JavaThread "jar transforms Thread 1072" [_thread_blocked, id=13844, stack(0x0000002d07b00000,0x0000002d07c00000)]
  0x0000018b77be4800 JavaThread "jar transforms Thread 1073" [_thread_blocked, id=18920, stack(0x0000002d07c00000,0x0000002d07d00000)]
  0x0000018b77be5800 JavaThread "jar transforms Thread 1074" [_thread_blocked, id=22372, stack(0x0000002d07d00000,0x0000002d07e00000)]
  0x0000018b77be4000 JavaThread "jar transforms Thread 1075" [_thread_blocked, id=4128, stack(0x0000002d07e00000,0x0000002d07f00000)]
  0x0000018b7986f000 JavaThread "jar transforms Thread 1076" [_thread_blocked, id=10876, stack(0x0000002d07f00000,0x0000002d08000000)]
  0x0000018b7986c800 JavaThread "jar transforms Thread 1077" [_thread_blocked, id=21360, stack(0x0000002d08000000,0x0000002d08100000)]
  0x0000018b79870000 JavaThread "jar transforms Thread 1078" [_thread_blocked, id=5984, stack(0x0000002d08100000,0x0000002d08200000)]
  0x0000018b7986d800 JavaThread "jar transforms Thread 1079" [_thread_blocked, id=11128, stack(0x0000002d08200000,0x0000002d08300000)]
  0x0000018b79873000 JavaThread "jar transforms Thread 1080" [_thread_blocked, id=9856, stack(0x0000002d08300000,0x0000002d08400000)]
  0x0000018b79870800 JavaThread "jar transforms Thread 1081" [_thread_blocked, id=22764, stack(0x0000002d08400000,0x0000002d08500000)]
  0x0000018b79871800 JavaThread "jar transforms Thread 1082" [_thread_blocked, id=2872, stack(0x0000002d08500000,0x0000002d08600000)]
  0x0000018b79872800 JavaThread "jar transforms Thread 1083" [_thread_blocked, id=10220, stack(0x0000002d08600000,0x0000002d08700000)]
  0x0000018b763f7800 JavaThread "jar transforms Thread 1084" [_thread_blocked, id=13032, stack(0x0000002d08700000,0x0000002d08800000)]
  0x0000018b763f6000 JavaThread "jar transforms Thread 1085" [_thread_blocked, id=5056, stack(0x0000002d08800000,0x0000002d08900000)]
  0x0000018b763f5000 JavaThread "jar transforms Thread 1086" [_thread_blocked, id=1432, stack(0x0000002d08900000,0x0000002d08a00000)]
  0x0000018b763f9000 JavaThread "jar transforms Thread 1087" [_thread_blocked, id=13592, stack(0x0000002d08a00000,0x0000002d08b00000)]
  0x0000018b763fb000 JavaThread "jar transforms Thread 1088" [_thread_blocked, id=12488, stack(0x0000002d08b00000,0x0000002d08c00000)]
  0x0000018b763f8800 JavaThread "jar transforms Thread 1089" [_thread_blocked, id=26584, stack(0x0000002d08c00000,0x0000002d08d00000)]
  0x0000018b763fa000 JavaThread "jar transforms Thread 1090" [_thread_blocked, id=13276, stack(0x0000002d08d00000,0x0000002d08e00000)]
  0x0000018b75624000 JavaThread "jar transforms Thread 1091" [_thread_blocked, id=21932, stack(0x0000002d08e00000,0x0000002d08f00000)]
  0x0000018b75621800 JavaThread "jar transforms Thread 1092" [_thread_blocked, id=18408, stack(0x0000002d08f00000,0x0000002d09000000)]
  0x0000018b75625800 JavaThread "jar transforms Thread 1093" [_thread_blocked, id=17608, stack(0x0000002d09000000,0x0000002d09100000)]
  0x0000018b75625000 JavaThread "jar transforms Thread 1094" [_thread_blocked, id=10808, stack(0x0000002d09100000,0x0000002d09200000)]
  0x0000018b75626800 JavaThread "jar transforms Thread 1095" [_thread_blocked, id=23576, stack(0x0000002d09200000,0x0000002d09300000)]

Other Threads:
  0x0000018b73c30000 VMThread "VM Thread" [stack: 0x0000002d03300000,0x0000002d03400000] [id=3124]
  0x0000018b73e2e000 WatcherThread [stack: 0x0000002d03d00000,0x0000002d03e00000] [id=22636]
  0x0000018b590cd800 GCTaskThread "GC Thread#0" [stack: 0x0000002d02e00000,0x0000002d02f00000] [id=24416]
  0x0000018b74b88800 GCTaskThread "GC Thread#1" [stack: 0x0000002d03f00000,0x0000002d04000000] [id=20536]
  0x0000018b74cbd000 GCTaskThread "GC Thread#2" [stack: 0x0000002d04000000,0x0000002d04100000] [id=24748]
  0x0000018b74cbd800 GCTaskThread "GC Thread#3" [stack: 0x0000002d04100000,0x0000002d04200000] [id=10288]
  0x0000018b74a84800 GCTaskThread "GC Thread#4" [stack: 0x0000002d04200000,0x0000002d04300000] [id=7768]
  0x0000018b74a85000 GCTaskThread "GC Thread#5" [stack: 0x0000002d04300000,0x0000002d04400000] [id=19052]
  0x0000018b764cc000 GCTaskThread "GC Thread#6" [stack: 0x0000002d05100000,0x0000002d05200000] [id=6408]
  0x0000018b753b8800 GCTaskThread "GC Thread#7" [stack: 0x0000002d05200000,0x0000002d05300000] [id=25668]
  0x0000018b59101800 ConcurrentGCThread "G1 Main Marker" [stack: 0x0000002d02f00000,0x0000002d03000000] [id=24856]
  0x0000018b5910b800 ConcurrentGCThread "G1 Conc#0" [stack: 0x0000002d03000000,0x0000002d03100000] [id=24720]
  0x0000018b75d6d000 ConcurrentGCThread "G1 Conc#1" [stack: 0x0000002d05300000,0x0000002d05400000] [id=22028]
  0x0000018b7327e800 ConcurrentGCThread "G1 Refine#0" [stack: 0x0000002d03100000,0x0000002d03200000] [id=24964]
  0x0000018b79a67800 ConcurrentGCThread "G1 Refine#1" [stack: 0x0000002d0c600000,0x0000002d0c700000] [id=15700]
  0x0000018b7cce1000 ConcurrentGCThread "G1 Refine#2" [stack: 0x0000002d0de00000,0x0000002d0df00000] [id=16404]
  0x0000018b01ccd000 ConcurrentGCThread "G1 Refine#3" [stack: 0x0000002d0df00000,0x0000002d0e000000] [id=26100]
  0x0000018b01ccc000 ConcurrentGCThread "G1 Refine#4" [stack: 0x0000002d0e000000,0x0000002d0e100000] [id=19932]
  0x0000018b01cd0000 ConcurrentGCThread "G1 Refine#5" [stack: 0x0000002d0e100000,0x0000002d0e200000] [id=25248]
  0x0000018b01cd1800 ConcurrentGCThread "G1 Refine#6" [stack: 0x0000002d0e200000,0x0000002d0e300000] [id=16120]
  0x0000018b73281000 ConcurrentGCThread "G1 Young RemSet Sampling" [stack: 0x0000002d03200000,0x0000002d03300000] [id=9976]

Threads with active compile tasks:
C2 CompilerThread22122519 22447   !   4       org.gradle.api.internal.artifacts.ivyservice.ivyresolve.ErrorHandlingModuleComponentRepository$ErrorHandlingModuleComponentRepositoryAccess::tryResolveAndMaybeBlacklist (221 bytes)

VM state:at safepoint (normal execution)

VM Mutex/Monitor currently owned by a thread:  ([mutex/lock_event])
[0x0000018b56f8d880] Threads_lock - owner thread: 0x0000018b73c30000
[0x0000018b590aa300] Compile_lock - owner thread: 0x0000018b7984d800

OutOfMemory and StackOverflow Exception counts:
OutOfMemoryError java_heap_errors=1
LinkageErrors=192

Heap address: 0x0000000080000000, size: 2048 MB, Compressed Oops mode: 32-bit
Narrow klass base: 0x0000000000000000, Narrow klass shift: 3
Compressed class space size: 1073741824 Address: 0x0000000100000000

Heap:
 garbage-first heap   total 455680K, used 331097K [0x0000000080000000, 0x0000000100000000)
  region size 1024K, 88 young (90112K), 5 survivors (5120K)
 Metaspace       used 112696K, capacity 116035K, committed 117540K, reserved 1150976K
  class space    used 14256K, capacity 15516K, committed 16128K, reserved 1048576K
Heap Regions: E=young(eden), S=young(survivor), O=old, HS=humongous(starts), HC=humongous(continues), CS=collection set, F=free, A=archive, TAMS=top-at-mark-start (previous, next)
|   0|0x0000000080000000, 0x0000000080100000, 0x0000000080100000|100%| O|  |TAMS 0x0000000080100000, 0x0000000080000000| Untracked 
|   1|0x0000000080100000, 0x0000000080200000, 0x0000000080200000|100%| O|  |TAMS 0x0000000080200000, 0x0000000080100000| Untracked 
|   2|0x0000000080200000, 0x0000000080300000, 0x0000000080300000|100%| O|  |TAMS 0x0000000080300000, 0x0000000080200000| Untracked 
|   3|0x0000000080300000, 0x0000000080400000, 0x0000000080400000|100%|HS|  |TAMS 0x0000000080400000, 0x0000000080300000| Complete 
|   4|0x0000000080400000, 0x0000000080500000, 0x0000000080500000|100%|HC|  |TAMS 0x0000000080500000, 0x0000000080400000| Complete 
|   5|0x0000000080500000, 0x0000000080600000, 0x0000000080600000|100%|HC|  |TAMS 0x0000000080600000, 0x0000000080500000| Complete 
|   6|0x0000000080600000, 0x0000000080700000, 0x0000000080700000|100%| O|  |TAMS 0x0000000080700000, 0x0000000080600000| Complete 
|   7|0x0000000080700000, 0x0000000080800000, 0x0000000080800000|100%| O|  |TAMS 0x0000000080800000, 0x0000000080700000| Untracked 
|   8|0x0000000080800000, 0x0000000080900000, 0x0000000080900000|100%| O|  |TAMS 0x0000000080900000, 0x0000000080800000| Untracked 
|   9|0x0000000080900000, 0x0000000080a00000, 0x0000000080a00000|100%| O|  |TAMS 0x0000000080a00000, 0x0000000080900000| Untracked 
|  10|0x0000000080a00000, 0x0000000080b00000, 0x0000000080b00000|100%| O|  |TAMS 0x0000000080b00000, 0x0000000080a00000| Untracked 
|  11|0x0000000080b00000, 0x0000000080c00000, 0x0000000080c00000|100%| O|  |TAMS 0x0000000080c00000, 0x0000000080b00000| Untracked 
|  12|0x0000000080c00000, 0x0000000080d00000, 0x0000000080d00000|100%| O|  |TAMS 0x0000000080d00000, 0x0000000080c00000| Untracked 
|  13|0x0000000080d00000, 0x0000000080e00000, 0x0000000080e00000|100%| O|  |TAMS 0x0000000080e00000, 0x0000000080d00000| Untracked 
|  14|0x0000000080e00000, 0x0000000080f00000, 0x0000000080f00000|100%| O|  |TAMS 0x0000000080f00000, 0x0000000080e00000| Untracked 
|  15|0x0000000080f00000, 0x0000000081000000, 0x0000000081000000|100%| O|  |TAMS 0x0000000081000000, 0x0000000080f00000| Untracked 
|  16|0x0000000081000000, 0x0000000081100000, 0x0000000081100000|100%|HS|  |TAMS 0x0000000081100000, 0x0000000081000000| Complete 
|  17|0x0000000081100000, 0x0000000081200000, 0x0000000081200000|100%|HS|  |TAMS 0x0000000081200000, 0x0000000081100000| Complete 
|  18|0x0000000081200000, 0x0000000081300000, 0x0000000081300000|100%|HC|  |TAMS 0x0000000081300000, 0x0000000081200000| Complete 
|  19|0x0000000081300000, 0x0000000081400000, 0x0000000081400000|100%| O|  |TAMS 0x0000000081400000, 0x0000000081300000| Untracked 
|  20|0x0000000081400000, 0x0000000081500000, 0x0000000081500000|100%| O|  |TAMS 0x0000000081500000, 0x0000000081400000| Untracked 
|  21|0x0000000081500000, 0x0000000081600000, 0x0000000081600000|100%| O|  |TAMS 0x0000000081600000, 0x0000000081500000| Complete 
|  22|0x0000000081600000, 0x0000000081700000, 0x0000000081700000|100%| O|  |TAMS 0x0000000081700000, 0x0000000081600000| Complete 
|  23|0x0000000081700000, 0x0000000081800000, 0x0000000081800000|100%| O|  |TAMS 0x0000000081800000, 0x0000000081700000| Untracked 
|  24|0x0000000081800000, 0x0000000081900000, 0x0000000081900000|100%| O|  |TAMS 0x0000000081900000, 0x0000000081800000| Complete 
|  25|0x0000000081900000, 0x0000000081a00000, 0x0000000081a00000|100%| O|  |TAMS 0x0000000081a00000, 0x0000000081900000| Untracked 
|  26|0x0000000081a00000, 0x0000000081b00000, 0x0000000081b00000|100%| O|  |TAMS 0x0000000081b00000, 0x0000000081a00000| Complete 
|  27|0x0000000081b00000, 0x0000000081c00000, 0x0000000081c00000|100%| O|  |TAMS 0x0000000081c00000, 0x0000000081b00000| Untracked 
|  28|0x0000000081c00000, 0x0000000081d00000, 0x0000000081d00000|100%| O|  |TAMS 0x0000000081d00000, 0x0000000081c00000| Complete 
|  29|0x0000000081d00000, 0x0000000081e00000, 0x0000000081e00000|100%| O|  |TAMS 0x0000000081e00000, 0x0000000081d00000| Untracked 
|  30|0x0000000081e00000, 0x0000000081f00000, 0x0000000081f00000|100%| O|  |TAMS 0x0000000081f00000, 0x0000000081e00000| Complete 
|  31|0x0000000081f00000, 0x0000000082000000, 0x0000000082000000|100%| O|  |TAMS 0x0000000082000000, 0x0000000081f00000| Untracked 
|  32|0x0000000082000000, 0x0000000082100000, 0x0000000082100000|100%| O|  |TAMS 0x0000000082100000, 0x0000000082000000| Complete 
|  33|0x0000000082100000, 0x0000000082200000, 0x0000000082200000|100%| O|  |TAMS 0x0000000082200000, 0x0000000082100000| Complete 
|  34|0x0000000082200000, 0x0000000082300000, 0x0000000082300000|100%| O|  |TAMS 0x0000000082300000, 0x0000000082200000| Complete 
|  35|0x0000000082300000, 0x0000000082400000, 0x0000000082400000|100%| O|  |TAMS 0x0000000082400000, 0x0000000082300000| Untracked 
|  36|0x0000000082400000, 0x0000000082500000, 0x0000000082500000|100%| O|  |TAMS 0x0000000082500000, 0x0000000082400000| Complete 
|  37|0x0000000082500000, 0x0000000082600000, 0x0000000082600000|100%| O|  |TAMS 0x0000000082600000, 0x0000000082500000| Complete 
|  38|0x0000000082600000, 0x0000000082700000, 0x0000000082700000|100%| O|  |TAMS 0x0000000082700000, 0x0000000082600000| Complete 
|  39|0x0000000082700000, 0x0000000082800000, 0x0000000082800000|100%| O|  |TAMS 0x0000000082800000, 0x0000000082700000| Untracked 
|  40|0x0000000082800000, 0x0000000082900000, 0x0000000082900000|100%| O|  |TAMS 0x0000000082900000, 0x0000000082800000| Untracked 
|  41|0x0000000082900000, 0x0000000082a00000, 0x0000000082a00000|100%| O|  |TAMS 0x0000000082974000, 0x0000000082900000| Complete 
|  42|0x0000000082a00000, 0x0000000082b00000, 0x0000000082b00000|100%| O|  |TAMS 0x0000000082b00000, 0x0000000082a00000| Complete 
|  43|0x0000000082b00000, 0x0000000082c00000, 0x0000000082c00000|100%| O|  |TAMS 0x0000000082c00000, 0x0000000082b00000| Untracked 
|  44|0x0000000082c00000, 0x0000000082d00000, 0x0000000082d00000|100%| O|  |TAMS 0x0000000082d00000, 0x0000000082c00000| Untracked 
|  45|0x0000000082d00000, 0x0000000082e00000, 0x0000000082e00000|100%| O|  |TAMS 0x0000000082e00000, 0x0000000082d00000| Complete 
|  46|0x0000000082e00000, 0x0000000082f00000, 0x0000000082f00000|100%| O|  |TAMS 0x0000000082f00000, 0x0000000082e00000| Complete 
|  47|0x0000000082f00000, 0x0000000083000000, 0x0000000083000000|100%| O|  |TAMS 0x0000000083000000, 0x0000000082f00000| Complete 
|  48|0x0000000083000000, 0x0000000083100000, 0x0000000083100000|100%|HS|  |TAMS 0x0000000083000000, 0x0000000083000000| Complete 
|  49|0x0000000083100000, 0x0000000083200000, 0x0000000083200000|100%| O|  |TAMS 0x0000000083200000, 0x0000000083100000| Complete 
|  50|0x0000000083200000, 0x0000000083300000, 0x0000000083300000|100%| O|  |TAMS 0x0000000083300000, 0x0000000083200000| Complete 
|  51|0x0000000083300000, 0x0000000083400000, 0x0000000083400000|100%| O|  |TAMS 0x0000000083400000, 0x0000000083300000| Complete 
|  52|0x0000000083400000, 0x0000000083500000, 0x0000000083500000|100%| O|  |TAMS 0x0000000083400000, 0x0000000083400000| Untracked 
|  53|0x0000000083500000, 0x0000000083600000, 0x0000000083600000|100%|HS|  |TAMS 0x0000000083600000, 0x0000000083500000| Complete 
|  54|0x0000000083600000, 0x0000000083700000, 0x0000000083700000|100%| O|  |TAMS 0x0000000083700000, 0x0000000083600000| Complete 
|  55|0x0000000083700000, 0x0000000083800000, 0x0000000083800000|100%| O|  |TAMS 0x0000000083700000, 0x0000000083700000| Untracked 
|  56|0x0000000083800000, 0x0000000083900000, 0x0000000083900000|100%| O|  |TAMS 0x0000000083900000, 0x0000000083800000| Untracked 
|  57|0x0000000083900000, 0x0000000083a00000, 0x0000000083a00000|100%| O|  |TAMS 0x0000000083a00000, 0x0000000083900000| Complete 
|  58|0x0000000083a00000, 0x0000000083b00000, 0x0000000083b00000|100%| O|  |TAMS 0x0000000083b00000, 0x0000000083a00000| Untracked 
|  59|0x0000000083b00000, 0x0000000083c00000, 0x0000000083c00000|100%| O|  |TAMS 0x0000000083c00000, 0x0000000083b00000| Complete 
|  60|0x0000000083c00000, 0x0000000083d00000, 0x0000000083d00000|100%|HS|  |TAMS 0x0000000083d00000, 0x0000000083c00000| Complete 
|  61|0x0000000083d00000, 0x0000000083e00000, 0x0000000083e00000|100%| O|  |TAMS 0x0000000083e00000, 0x0000000083d00000| Complete 
|  62|0x0000000083e00000, 0x0000000083f00000, 0x0000000083f00000|100%| O|  |TAMS 0x0000000083f00000, 0x0000000083e00000| Untracked 
|  63|0x0000000083f00000, 0x0000000084000000, 0x0000000084000000|100%| O|  |TAMS 0x0000000084000000, 0x0000000083f00000| Complete 
|  64|0x0000000084000000, 0x0000000084100000, 0x0000000084100000|100%| O|  |TAMS 0x0000000084100000, 0x0000000084000000| Untracked 
|  65|0x0000000084100000, 0x0000000084200000, 0x0000000084200000|100%| O|  |TAMS 0x0000000084200000, 0x0000000084100000| Untracked 
|  66|0x0000000084200000, 0x0000000084300000, 0x0000000084300000|100%| O|  |TAMS 0x0000000084300000, 0x0000000084200000| Complete 
|  67|0x0000000084300000, 0x0000000084400000, 0x0000000084400000|100%|HS|  |TAMS 0x0000000084400000, 0x0000000084300000| Complete 
|  68|0x0000000084400000, 0x0000000084500000, 0x0000000084500000|100%| O|  |TAMS 0x0000000084500000, 0x0000000084400000| Untracked 
|  69|0x0000000084500000, 0x0000000084600000, 0x0000000084600000|100%| O|  |TAMS 0x0000000084600000, 0x0000000084500000| Untracked 
|  70|0x0000000084600000, 0x0000000084700000, 0x0000000084700000|100%| O|  |TAMS 0x0000000084600000, 0x0000000084600000| Untracked 
|  71|0x0000000084700000, 0x0000000084800000, 0x0000000084800000|100%|HS|  |TAMS 0x0000000084800000, 0x0000000084700000| Complete 
|  72|0x0000000084800000, 0x0000000084900000, 0x0000000084900000|100%| O|  |TAMS 0x0000000084900000, 0x0000000084800000| Complete 
|  73|0x0000000084900000, 0x0000000084a00000, 0x0000000084a00000|100%| O|  |TAMS 0x0000000084a00000, 0x0000000084900000| Complete 
|  74|0x0000000084a00000, 0x0000000084b00000, 0x0000000084b00000|100%| O|  |TAMS 0x0000000084b00000, 0x0000000084a00000| Complete 
|  75|0x0000000084b00000, 0x0000000084c00000, 0x0000000084c00000|100%| O|  |TAMS 0x0000000084c00000, 0x0000000084b00000| Complete 
|  76|0x0000000084c00000, 0x0000000084d00000, 0x0000000084d00000|100%| O|  |TAMS 0x0000000084d00000, 0x0000000084c00000| Complete 
|  77|0x0000000084d00000, 0x0000000084e00000, 0x0000000084e00000|100%| O|  |TAMS 0x0000000084e00000, 0x0000000084d00000| Untracked 
|  78|0x0000000084e00000, 0x0000000084f00000, 0x0000000084f00000|100%| O|  |TAMS 0x0000000084e00000, 0x0000000084e00000| Untracked 
|  79|0x0000000084f00000, 0x0000000085000000, 0x0000000085000000|100%| O|  |TAMS 0x0000000085000000, 0x0000000084f00000| Untracked 
|  80|0x0000000085000000, 0x0000000085100000, 0x0000000085100000|100%| O|  |TAMS 0x0000000085100000, 0x0000000085000000| Complete 
|  81|0x0000000085100000, 0x0000000085200000, 0x0000000085200000|100%| O|  |TAMS 0x0000000085200000, 0x0000000085100000| Untracked 
|  82|0x0000000085200000, 0x0000000085300000, 0x0000000085300000|100%| O|  |TAMS 0x0000000085300000, 0x0000000085200000| Untracked 
|  83|0x0000000085300000, 0x0000000085400000, 0x0000000085400000|100%|HS|  |TAMS 0x0000000085400000, 0x0000000085300000| Complete 
|  84|0x0000000085400000, 0x0000000085400000, 0x0000000085500000|  0%| F|  |TAMS 0x0000000085400000, 0x0000000085400000| Untracked 
|  85|0x0000000085500000, 0x0000000085600000, 0x0000000085600000|100%| O|  |TAMS 0x0000000085600000, 0x0000000085500000| Complete 
|  86|0x0000000085600000, 0x0000000085700000, 0x0000000085700000|100%| O|  |TAMS 0x0000000085700000, 0x0000000085600000| Complete 
|  87|0x0000000085700000, 0x0000000085800000, 0x0000000085800000|100%| O|  |TAMS 0x0000000085800000, 0x0000000085700000| Complete 
|  88|0x0000000085800000, 0x0000000085900000, 0x0000000085900000|100%| O|  |TAMS 0x0000000085900000, 0x0000000085800000| Untracked 
|  89|0x0000000085900000, 0x0000000085a00000, 0x0000000085a00000|100%| O|  |TAMS 0x0000000085a00000, 0x0000000085900000| Complete 
|  90|0x0000000085a00000, 0x0000000085b00000, 0x0000000085b00000|100%|HS|  |TAMS 0x0000000085b00000, 0x0000000085a00000| Complete 
|  91|0x0000000085b00000, 0x0000000085c00000, 0x0000000085c00000|100%|HS|  |TAMS 0x0000000085c00000, 0x0000000085b00000| Complete 
|  92|0x0000000085c00000, 0x0000000085d00000, 0x0000000085d00000|100%| O|  |TAMS 0x0000000085d00000, 0x0000000085c00000| Untracked 
|  93|0x0000000085d00000, 0x0000000085e00000, 0x0000000085e00000|100%|HS|  |TAMS 0x0000000085e00000, 0x0000000085d00000| Complete 
|  94|0x0000000085e00000, 0x0000000085f00000, 0x0000000085f00000|100%|HC|  |TAMS 0x0000000085f00000, 0x0000000085e00000| Complete 
|  95|0x0000000085f00000, 0x0000000086000000, 0x0000000086000000|100%| O|  |TAMS 0x0000000085f00000, 0x0000000085f00000| Untracked 
|  96|0x0000000086000000, 0x0000000086100000, 0x0000000086100000|100%| O|  |TAMS 0x0000000086100000, 0x0000000086000000| Untracked 
|  97|0x0000000086100000, 0x0000000086156600, 0x0000000086200000| 33%| O|  |TAMS 0x0000000086100000, 0x0000000086100000| Untracked 
|  98|0x0000000086200000, 0x0000000086300000, 0x0000000086300000|100%| O|  |TAMS 0x0000000086300000, 0x0000000086200000| Untracked 
|  99|0x0000000086300000, 0x0000000086300000, 0x0000000086400000|  0%| F|  |TAMS 0x0000000086300000, 0x0000000086300000| Untracked 
| 100|0x0000000086400000, 0x0000000086500000, 0x0000000086500000|100%| O|  |TAMS 0x0000000086500000, 0x0000000086400000| Untracked 
| 101|0x0000000086500000, 0x0000000086600000, 0x0000000086600000|100%| O|  |TAMS 0x0000000086600000, 0x0000000086500000| Complete 
| 102|0x0000000086600000, 0x0000000086700000, 0x0000000086700000|100%|HS|  |TAMS 0x0000000086700000, 0x0000000086600000| Complete 
| 103|0x0000000086700000, 0x0000000086800000, 0x0000000086800000|100%|HC|  |TAMS 0x0000000086800000, 0x0000000086700000| Complete 
| 104|0x0000000086800000, 0x0000000086900000, 0x0000000086900000|100%|HC|  |TAMS 0x0000000086900000, 0x0000000086800000| Complete 
| 105|0x0000000086900000, 0x0000000086a00000, 0x0000000086a00000|100%|HC|  |TAMS 0x0000000086a00000, 0x0000000086900000| Complete 
| 106|0x0000000086a00000, 0x0000000086b00000, 0x0000000086b00000|100%|HC|  |TAMS 0x0000000086b00000, 0x0000000086a00000| Complete 
| 107|0x0000000086b00000, 0x0000000086c00000, 0x0000000086c00000|100%|HC|  |TAMS 0x0000000086c00000, 0x0000000086b00000| Complete 
| 108|0x0000000086c00000, 0x0000000086d00000, 0x0000000086d00000|100%|HC|  |TAMS 0x0000000086d00000, 0x0000000086c00000| Complete 
| 109|0x0000000086d00000, 0x0000000086e00000, 0x0000000086e00000|100%| O|  |TAMS 0x0000000086e00000, 0x0000000086d00000| Untracked 
| 110|0x0000000086e00000, 0x0000000086f00000, 0x0000000086f00000|100%| O|  |TAMS 0x0000000086f00000, 0x0000000086e00000| Untracked 
| 111|0x0000000086f00000, 0x0000000087000000, 0x0000000087000000|100%| O|  |TAMS 0x0000000087000000, 0x0000000086f00000| Complete 
| 112|0x0000000087000000, 0x0000000087100000, 0x0000000087100000|100%| O|  |TAMS 0x0000000087100000, 0x0000000087000000| Complete 
| 113|0x0000000087100000, 0x0000000087200000, 0x0000000087200000|100%| O|  |TAMS 0x0000000087200000, 0x0000000087100000| Untracked 
| 114|0x0000000087200000, 0x0000000087300000, 0x0000000087300000|100%| O|  |TAMS 0x0000000087300000, 0x0000000087200000| Untracked 
| 115|0x0000000087300000, 0x0000000087400000, 0x0000000087400000|100%| O|  |TAMS 0x0000000087400000, 0x0000000087300000| Untracked 
| 116|0x0000000087400000, 0x0000000087500000, 0x0000000087500000|100%|HS|  |TAMS 0x0000000087500000, 0x0000000087400000| Complete 
| 117|0x0000000087500000, 0x0000000087600000, 0x0000000087600000|100%|HC|  |TAMS 0x0000000087600000, 0x0000000087500000| Complete 
| 118|0x0000000087600000, 0x0000000087700000, 0x0000000087700000|100%|HS|  |TAMS 0x0000000087700000, 0x0000000087600000| Complete 
| 119|0x0000000087700000, 0x0000000087800000, 0x0000000087800000|100%|HS|  |TAMS 0x0000000087800000, 0x0000000087700000| Complete 
| 120|0x0000000087800000, 0x0000000087900000, 0x0000000087900000|100%|HS|  |TAMS 0x0000000087900000, 0x0000000087800000| Complete 
| 121|0x0000000087900000, 0x0000000087a00000, 0x0000000087a00000|100%|HC|  |TAMS 0x0000000087a00000, 0x0000000087900000| Complete 
| 122|0x0000000087a00000, 0x0000000087b00000, 0x0000000087b00000|100%|HS|  |TAMS 0x0000000087b00000, 0x0000000087a00000| Complete 
| 123|0x0000000087b00000, 0x0000000087b00000, 0x0000000087c00000|  0%| F|  |TAMS 0x0000000087b00000, 0x0000000087b00000| Untracked 
| 124|0x0000000087c00000, 0x0000000087d00000, 0x0000000087d00000|100%| O|  |TAMS 0x0000000087d00000, 0x0000000087c00000| Complete 
| 125|0x0000000087d00000, 0x0000000087e00000, 0x0000000087e00000|100%| O|  |TAMS 0x0000000087e00000, 0x0000000087d00000| Untracked 
| 126|0x0000000087e00000, 0x0000000087f00000, 0x0000000087f00000|100%| O|  |TAMS 0x0000000087f00000, 0x0000000087e00000| Untracked 
| 127|0x0000000087f00000, 0x0000000088000000, 0x0000000088000000|100%| O|  |TAMS 0x0000000088000000, 0x0000000087f00000| Untracked 
| 128|0x0000000088000000, 0x0000000088100000, 0x0000000088100000|100%| O|  |TAMS 0x0000000088100000, 0x0000000088000000| Untracked 
| 129|0x0000000088100000, 0x0000000088200000, 0x0000000088200000|100%| O|  |TAMS 0x0000000088200000, 0x0000000088100000| Complete 
| 130|0x0000000088200000, 0x0000000088300000, 0x0000000088300000|100%| O|  |TAMS 0x0000000088300000, 0x0000000088200000| Complete 
| 131|0x0000000088300000, 0x0000000088300000, 0x0000000088400000|  0%| F|  |TAMS 0x0000000088300000, 0x0000000088300000| Untracked 
| 132|0x0000000088400000, 0x0000000088500000, 0x0000000088500000|100%|HS|  |TAMS 0x0000000088500000, 0x0000000088400000| Complete 
| 133|0x0000000088500000, 0x0000000088500000, 0x0000000088600000|  0%| F|  |TAMS 0x0000000088500000, 0x0000000088500000| Untracked 
| 134|0x0000000088600000, 0x0000000088700000, 0x0000000088700000|100%| O|  |TAMS 0x0000000088700000, 0x0000000088600000| Complete 
| 135|0x0000000088700000, 0x0000000088800000, 0x0000000088800000|100%| O|  |TAMS 0x0000000088800000, 0x0000000088700000| Complete 
| 136|0x0000000088800000, 0x0000000088800000, 0x0000000088900000|  0%| F|  |TAMS 0x0000000088800000, 0x0000000088800000| Untracked 
| 137|0x0000000088900000, 0x0000000088a00000, 0x0000000088a00000|100%| O|  |TAMS 0x0000000088a00000, 0x0000000088900000| Untracked 
| 138|0x0000000088a00000, 0x0000000088b00000, 0x0000000088b00000|100%| O|  |TAMS 0x0000000088b00000, 0x0000000088a00000| Complete 
| 139|0x0000000088b00000, 0x0000000088c00000, 0x0000000088c00000|100%| O|  |TAMS 0x0000000088c00000, 0x0000000088b00000| Complete 
| 140|0x0000000088c00000, 0x0000000088d00000, 0x0000000088d00000|100%| O|  |TAMS 0x0000000088d00000, 0x0000000088c00000| Untracked 
| 141|0x0000000088d00000, 0x0000000088e00000, 0x0000000088e00000|100%| O|  |TAMS 0x0000000088e00000, 0x0000000088d00000| Untracked 
| 142|0x0000000088e00000, 0x0000000088f00000, 0x0000000088f00000|100%| O|  |TAMS 0x0000000088f00000, 0x0000000088e00000| Untracked 
| 143|0x0000000088f00000, 0x0000000089000000, 0x0000000089000000|100%| O|  |TAMS 0x0000000089000000, 0x0000000088f00000| Untracked 
| 144|0x0000000089000000, 0x0000000089100000, 0x0000000089100000|100%| O|  |TAMS 0x0000000089100000, 0x0000000089000000| Untracked 
| 145|0x0000000089100000, 0x0000000089200000, 0x0000000089200000|100%| O|  |TAMS 0x0000000089200000, 0x0000000089100000| Untracked 
| 146|0x0000000089200000, 0x0000000089300000, 0x0000000089300000|100%| O|  |TAMS 0x0000000089300000, 0x0000000089200000| Complete 
| 147|0x0000000089300000, 0x0000000089400000, 0x0000000089400000|100%| O|  |TAMS 0x0000000089400000, 0x0000000089300000| Complete 
| 148|0x0000000089400000, 0x0000000089500000, 0x0000000089500000|100%| O|  |TAMS 0x0000000089500000, 0x0000000089400000| Untracked 
| 149|0x0000000089500000, 0x0000000089500000, 0x0000000089600000|  0%| F|  |TAMS 0x0000000089500000, 0x0000000089500000| Untracked 
| 150|0x0000000089600000, 0x0000000089600000, 0x0000000089700000|  0%| F|  |TAMS 0x0000000089600000, 0x0000000089600000| Untracked 
| 151|0x0000000089700000, 0x0000000089700000, 0x0000000089800000|  0%| F|  |TAMS 0x0000000089700000, 0x0000000089700000| Untracked 
| 152|0x0000000089800000, 0x0000000089900000, 0x0000000089900000|100%| O|  |TAMS 0x0000000089900000, 0x0000000089800000| Untracked 
| 153|0x0000000089900000, 0x0000000089a00000, 0x0000000089a00000|100%| O|  |TAMS 0x0000000089a00000, 0x0000000089900000| Untracked 
| 154|0x0000000089a00000, 0x0000000089b00000, 0x0000000089b00000|100%| O|  |TAMS 0x0000000089b00000, 0x0000000089a00000| Untracked 
| 155|0x0000000089b00000, 0x0000000089c00000, 0x0000000089c00000|100%| O|  |TAMS 0x0000000089c00000, 0x0000000089b00000| Untracked 
| 156|0x0000000089c00000, 0x0000000089d00000, 0x0000000089d00000|100%| O|  |TAMS 0x0000000089d00000, 0x0000000089c00000| Untracked 
| 157|0x0000000089d00000, 0x0000000089e00000, 0x0000000089e00000|100%| O|  |TAMS 0x0000000089e00000, 0x0000000089d00000| Untracked 
| 158|0x0000000089e00000, 0x0000000089f00000, 0x0000000089f00000|100%| O|  |TAMS 0x0000000089f00000, 0x0000000089e00000| Complete 
| 159|0x0000000089f00000, 0x000000008a000000, 0x000000008a000000|100%| O|  |TAMS 0x000000008a000000, 0x0000000089f00000| Untracked 
| 160|0x000000008a000000, 0x000000008a100000, 0x000000008a100000|100%| O|  |TAMS 0x000000008a100000, 0x000000008a000000| Untracked 
| 161|0x000000008a100000, 0x000000008a200000, 0x000000008a200000|100%| O|  |TAMS 0x000000008a200000, 0x000000008a100000| Untracked 
| 162|0x000000008a200000, 0x000000008a300000, 0x000000008a300000|100%| O|  |TAMS 0x000000008a300000, 0x000000008a200000| Untracked 
| 163|0x000000008a300000, 0x000000008a400000, 0x000000008a400000|100%| O|  |TAMS 0x000000008a400000, 0x000000008a300000| Complete 
| 164|0x000000008a400000, 0x000000008a400000, 0x000000008a500000|  0%| F|  |TAMS 0x000000008a400000, 0x000000008a400000| Untracked 
| 165|0x000000008a500000, 0x000000008a500000, 0x000000008a600000|  0%| F|  |TAMS 0x000000008a500000, 0x000000008a500000| Untracked 
| 166|0x000000008a600000, 0x000000008a700000, 0x000000008a700000|100%|HS|  |TAMS 0x000000008a700000, 0x000000008a600000| Complete 
| 167|0x000000008a700000, 0x000000008a800000, 0x000000008a800000|100%|HC|  |TAMS 0x000000008a800000, 0x000000008a700000| Complete 
| 168|0x000000008a800000, 0x000000008a900000, 0x000000008a900000|100%| O|  |TAMS 0x000000008a900000, 0x000000008a800000| Complete 
| 169|0x000000008a900000, 0x000000008aa00000, 0x000000008aa00000|100%| O|  |TAMS 0x000000008aa00000, 0x000000008a900000| Complete 
| 170|0x000000008aa00000, 0x000000008ab00000, 0x000000008ab00000|100%| O|  |TAMS 0x000000008ab00000, 0x000000008aa00000| Complete 
| 171|0x000000008ab00000, 0x000000008ac00000, 0x000000008ac00000|100%| O|  |TAMS 0x000000008ac00000, 0x000000008ab00000| Untracked 
| 172|0x000000008ac00000, 0x000000008ad00000, 0x000000008ad00000|100%| O|  |TAMS 0x000000008ad00000, 0x000000008ac00000| Complete 
| 173|0x000000008ad00000, 0x000000008ae00000, 0x000000008ae00000|100%|HS|  |TAMS 0x000000008ae00000, 0x000000008ad00000| Complete 
| 174|0x000000008ae00000, 0x000000008ae00000, 0x000000008af00000|  0%| F|  |TAMS 0x000000008ae00000, 0x000000008ae00000| Untracked 
| 175|0x000000008af00000, 0x000000008b000000, 0x000000008b000000|100%|HS|  |TAMS 0x000000008b000000, 0x000000008af00000| Complete 
| 176|0x000000008b000000, 0x000000008b100000, 0x000000008b100000|100%|HS|  |TAMS 0x000000008b100000, 0x000000008b000000| Complete 
| 177|0x000000008b100000, 0x000000008b200000, 0x000000008b200000|100%|HS|  |TAMS 0x000000008b200000, 0x000000008b100000| Complete 
| 178|0x000000008b200000, 0x000000008b300000, 0x000000008b300000|100%|HC|  |TAMS 0x000000008b300000, 0x000000008b200000| Complete 
| 179|0x000000008b300000, 0x000000008b400000, 0x000000008b400000|100%| O|  |TAMS 0x000000008b400000, 0x000000008b300000| Complete 
| 180|0x000000008b400000, 0x000000008b500000, 0x000000008b500000|100%| O|  |TAMS 0x000000008b500000, 0x000000008b400000| Complete 
| 181|0x000000008b500000, 0x000000008b600000, 0x000000008b600000|100%| O|  |TAMS 0x000000008b600000, 0x000000008b500000| Complete 
| 182|0x000000008b600000, 0x000000008b700000, 0x000000008b700000|100%| O|  |TAMS 0x000000008b700000, 0x000000008b600000| Untracked 
| 183|0x000000008b700000, 0x000000008b800000, 0x000000008b800000|100%| O|  |TAMS 0x000000008b800000, 0x000000008b700000| Complete 
| 184|0x000000008b800000, 0x000000008b900000, 0x000000008b900000|100%| O|  |TAMS 0x000000008b900000, 0x000000008b800000| Complete 
| 185|0x000000008b900000, 0x000000008ba00000, 0x000000008ba00000|100%| O|  |TAMS 0x000000008ba00000, 0x000000008b900000| Untracked 
| 186|0x000000008ba00000, 0x000000008bb00000, 0x000000008bb00000|100%| O|  |TAMS 0x000000008bb00000, 0x000000008ba00000| Untracked 
| 187|0x000000008bb00000, 0x000000008bc00000, 0x000000008bc00000|100%| O|  |TAMS 0x000000008bc00000, 0x000000008bb00000| Untracked 
| 188|0x000000008bc00000, 0x000000008bd00000, 0x000000008bd00000|100%| O|  |TAMS 0x000000008bd00000, 0x000000008bc00000| Untracked 
| 189|0x000000008bd00000, 0x000000008be00000, 0x000000008be00000|100%| O|  |TAMS 0x000000008be00000, 0x000000008bd00000| Complete 
| 190|0x000000008be00000, 0x000000008bf00000, 0x000000008bf00000|100%| O|  |TAMS 0x000000008bf00000, 0x000000008be00000| Untracked 
| 191|0x000000008bf00000, 0x000000008c000000, 0x000000008c000000|100%| O|  |TAMS 0x000000008c000000, 0x000000008bf00000| Complete 
| 192|0x000000008c000000, 0x000000008c100000, 0x000000008c100000|100%|HS|  |TAMS 0x000000008c000000, 0x000000008c000000| Complete 
| 193|0x000000008c100000, 0x000000008c200000, 0x000000008c200000|100%|HC|  |TAMS 0x000000008c100000, 0x000000008c100000| Complete 
| 194|0x000000008c200000, 0x000000008c300000, 0x000000008c300000|100%|HC|  |TAMS 0x000000008c200000, 0x000000008c200000| Complete 
| 195|0x000000008c300000, 0x000000008c400000, 0x000000008c400000|100%|HC|  |TAMS 0x000000008c300000, 0x000000008c300000| Complete 
| 196|0x000000008c400000, 0x000000008c500000, 0x000000008c500000|100%|HC|  |TAMS 0x000000008c400000, 0x000000008c400000| Complete 
| 197|0x000000008c500000, 0x000000008c600000, 0x000000008c600000|100%|HC|  |TAMS 0x000000008c500000, 0x000000008c500000| Complete 
| 198|0x000000008c600000, 0x000000008c700000, 0x000000008c700000|100%|HC|  |TAMS 0x000000008c600000, 0x000000008c600000| Complete 
| 199|0x000000008c700000, 0x000000008c800000, 0x000000008c800000|100%|HC|  |TAMS 0x000000008c700000, 0x000000008c700000| Complete 
| 200|0x000000008c800000, 0x000000008c900000, 0x000000008c900000|100%|HS|  |TAMS 0x000000008c800000, 0x000000008c800000| Complete 
| 201|0x000000008c900000, 0x000000008ca00000, 0x000000008ca00000|100%|HC|  |TAMS 0x000000008c900000, 0x000000008c900000| Complete 
| 202|0x000000008ca00000, 0x000000008cb00000, 0x000000008cb00000|100%|HC|  |TAMS 0x000000008ca00000, 0x000000008ca00000| Complete 
| 203|0x000000008cb00000, 0x000000008cc00000, 0x000000008cc00000|100%|HC|  |TAMS 0x000000008cb00000, 0x000000008cb00000| Complete 
| 204|0x000000008cc00000, 0x000000008cd00000, 0x000000008cd00000|100%|HC|  |TAMS 0x000000008cc00000, 0x000000008cc00000| Complete 
| 205|0x000000008cd00000, 0x000000008ce00000, 0x000000008ce00000|100%|HC|  |TAMS 0x000000008cd00000, 0x000000008cd00000| Complete 
| 206|0x000000008ce00000, 0x000000008cf00000, 0x000000008cf00000|100%|HC|  |TAMS 0x000000008ce00000, 0x000000008ce00000| Complete 
| 207|0x000000008cf00000, 0x000000008d000000, 0x000000008d000000|100%|HC|  |TAMS 0x000000008cf00000, 0x000000008cf00000| Complete 
| 208|0x000000008d000000, 0x000000008d100000, 0x000000008d100000|100%|HS|  |TAMS 0x000000008d000000, 0x000000008d000000| Complete 
| 209|0x000000008d100000, 0x000000008d200000, 0x000000008d200000|100%|HC|  |TAMS 0x000000008d100000, 0x000000008d100000| Complete 
| 210|0x000000008d200000, 0x000000008d300000, 0x000000008d300000|100%|HC|  |TAMS 0x000000008d200000, 0x000000008d200000| Complete 
| 211|0x000000008d300000, 0x000000008d400000, 0x000000008d400000|100%|HC|  |TAMS 0x000000008d300000, 0x000000008d300000| Complete 
| 212|0x000000008d400000, 0x000000008d500000, 0x000000008d500000|100%|HC|  |TAMS 0x000000008d400000, 0x000000008d400000| Complete 
| 213|0x000000008d500000, 0x000000008d600000, 0x000000008d600000|100%|HC|  |TAMS 0x000000008d500000, 0x000000008d500000| Complete 
| 214|0x000000008d600000, 0x000000008d700000, 0x000000008d700000|100%|HC|  |TAMS 0x000000008d600000, 0x000000008d600000| Complete 
| 215|0x000000008d700000, 0x000000008d800000, 0x000000008d800000|100%|HC|  |TAMS 0x000000008d700000, 0x000000008d700000| Complete 
| 216|0x000000008d800000, 0x000000008d900000, 0x000000008d900000|100%|HS|  |TAMS 0x000000008d800000, 0x000000008d800000| Complete 
| 217|0x000000008d900000, 0x000000008da00000, 0x000000008da00000|100%|HC|  |TAMS 0x000000008d900000, 0x000000008d900000| Complete 
| 218|0x000000008da00000, 0x000000008db00000, 0x000000008db00000|100%|HC|  |TAMS 0x000000008da00000, 0x000000008da00000| Complete 
| 219|0x000000008db00000, 0x000000008dc00000, 0x000000008dc00000|100%|HC|  |TAMS 0x000000008db00000, 0x000000008db00000| Complete 
| 220|0x000000008dc00000, 0x000000008dd00000, 0x000000008dd00000|100%|HS|  |TAMS 0x000000008dc00000, 0x000000008dc00000| Complete 
| 221|0x000000008dd00000, 0x000000008de00000, 0x000000008de00000|100%|HC|  |TAMS 0x000000008dd00000, 0x000000008dd00000| Complete 
| 222|0x000000008de00000, 0x000000008df00000, 0x000000008df00000|100%|HC|  |TAMS 0x000000008de00000, 0x000000008de00000| Complete 
| 223|0x000000008df00000, 0x000000008e000000, 0x000000008e000000|100%|HC|  |TAMS 0x000000008df00000, 0x000000008df00000| Complete 
| 224|0x000000008e000000, 0x000000008e100000, 0x000000008e100000|100%|HS|  |TAMS 0x000000008e000000, 0x000000008e000000| Complete 
| 225|0x000000008e100000, 0x000000008e200000, 0x000000008e200000|100%|HC|  |TAMS 0x000000008e100000, 0x000000008e100000| Complete 
| 226|0x000000008e200000, 0x000000008e300000, 0x000000008e300000|100%|HC|  |TAMS 0x000000008e200000, 0x000000008e200000| Complete 
| 227|0x000000008e300000, 0x000000008e400000, 0x000000008e400000|100%|HC|  |TAMS 0x000000008e300000, 0x000000008e300000| Complete 
| 228|0x000000008e400000, 0x000000008e500000, 0x000000008e500000|100%|HC|  |TAMS 0x000000008e400000, 0x000000008e400000| Complete 
| 229|0x000000008e500000, 0x000000008e600000, 0x000000008e600000|100%|HC|  |TAMS 0x000000008e500000, 0x000000008e500000| Complete 
| 230|0x000000008e600000, 0x000000008e700000, 0x000000008e700000|100%|HC|  |TAMS 0x000000008e600000, 0x000000008e600000| Complete 
| 231|0x000000008e700000, 0x000000008e700000, 0x000000008e800000|  0%| F|  |TAMS 0x000000008e700000, 0x000000008e700000| Untracked 
| 232|0x000000008e800000, 0x000000008e800000, 0x000000008e900000|  0%| F|  |TAMS 0x000000008e800000, 0x000000008e800000| Untracked 
| 233|0x000000008e900000, 0x000000008ea00000, 0x000000008ea00000|100%| S|CS|TAMS 0x000000008e900000, 0x000000008e900000| Complete 
| 234|0x000000008ea00000, 0x000000008eb00000, 0x000000008eb00000|100%| S|CS|TAMS 0x000000008ea00000, 0x000000008ea00000| Complete 
| 235|0x000000008eb00000, 0x000000008ec00000, 0x000000008ec00000|100%| S|CS|TAMS 0x000000008eb00000, 0x000000008eb00000| Complete 
| 236|0x000000008ec00000, 0x000000008ed00000, 0x000000008ed00000|100%| S|CS|TAMS 0x000000008ec00000, 0x000000008ec00000| Complete 
| 237|0x000000008ed00000, 0x000000008ee00000, 0x000000008ee00000|100%| S|CS|TAMS 0x000000008ed00000, 0x000000008ed00000| Complete 
| 238|0x000000008ee00000, 0x000000008ef00000, 0x000000008ef00000|100%|HS|  |TAMS 0x000000008ee00000, 0x000000008ee00000| Complete 
| 239|0x000000008ef00000, 0x000000008f000000, 0x000000008f000000|100%|HC|  |TAMS 0x000000008ef00000, 0x000000008ef00000| Complete 
| 240|0x000000008f000000, 0x000000008f100000, 0x000000008f100000|100%|HC|  |TAMS 0x000000008f000000, 0x000000008f000000| Complete 
| 241|0x000000008f100000, 0x000000008f200000, 0x000000008f200000|100%|HC|  |TAMS 0x000000008f100000, 0x000000008f100000| Complete 
| 242|0x000000008f200000, 0x000000008f300000, 0x000000008f300000|100%|HC|  |TAMS 0x000000008f200000, 0x000000008f200000| Complete 
| 243|0x000000008f300000, 0x000000008f400000, 0x000000008f400000|100%|HC|  |TAMS 0x000000008f300000, 0x000000008f300000| Complete 
| 244|0x000000008f400000, 0x000000008f500000, 0x000000008f500000|100%|HC|  |TAMS 0x000000008f400000, 0x000000008f400000| Complete 
| 245|0x000000008f500000, 0x000000008f600000, 0x000000008f600000|100%|HC|  |TAMS 0x000000008f500000, 0x000000008f500000| Complete 
| 246|0x000000008f600000, 0x000000008f700000, 0x000000008f700000|100%|HC|  |TAMS 0x000000008f600000, 0x000000008f600000| Complete 
| 247|0x000000008f700000, 0x000000008f800000, 0x000000008f800000|100%|HC|  |TAMS 0x000000008f700000, 0x000000008f700000| Complete 
| 248|0x000000008f800000, 0x000000008f900000, 0x000000008f900000|100%|HC|  |TAMS 0x000000008f800000, 0x000000008f800000| Complete 
| 249|0x000000008f900000, 0x000000008fa00000, 0x000000008fa00000|100%|HC|  |TAMS 0x000000008f900000, 0x000000008f900000| Complete 
| 250|0x000000008fa00000, 0x000000008fb00000, 0x000000008fb00000|100%|HC|  |TAMS 0x000000008fa00000, 0x000000008fa00000| Complete 
| 251|0x000000008fb00000, 0x000000008fb00000, 0x000000008fc00000|  0%| F|  |TAMS 0x000000008fb00000, 0x000000008fb00000| Untracked 
| 252|0x000000008fc00000, 0x000000008fc00000, 0x000000008fd00000|  0%| F|  |TAMS 0x000000008fc00000, 0x000000008fc00000| Untracked 
| 253|0x000000008fd00000, 0x000000008fd00000, 0x000000008fe00000|  0%| F|  |TAMS 0x000000008fd00000, 0x000000008fd00000| Untracked 
| 254|0x000000008fe00000, 0x000000008fe00000, 0x000000008ff00000|  0%| F|  |TAMS 0x000000008fe00000, 0x000000008fe00000| Untracked 
| 255|0x000000008ff00000, 0x000000008ff00000, 0x0000000090000000|  0%| F|  |TAMS 0x000000008ff00000, 0x000000008ff00000| Untracked 
| 256|0x0000000090000000, 0x0000000090100000, 0x0000000090100000|100%| O|  |TAMS 0x0000000090100000, 0x0000000090000000| Untracked 
| 257|0x0000000090100000, 0x0000000090200000, 0x0000000090200000|100%| O|  |TAMS 0x0000000090200000, 0x0000000090100000| Complete 
| 258|0x0000000090200000, 0x0000000090200000, 0x0000000090300000|  0%| F|  |TAMS 0x0000000090200000, 0x0000000090200000| Untracked 
| 259|0x0000000090300000, 0x0000000090400000, 0x0000000090400000|100%| O|  |TAMS 0x0000000090400000, 0x0000000090300000| Complete 
| 260|0x0000000090400000, 0x0000000090400000, 0x0000000090500000|  0%| F|  |TAMS 0x0000000090400000, 0x0000000090400000| Untracked 
| 261|0x0000000090500000, 0x0000000090500000, 0x0000000090600000|  0%| F|  |TAMS 0x0000000090500000, 0x0000000090500000| Untracked 
| 262|0x0000000090600000, 0x0000000090700000, 0x0000000090700000|100%| O|  |TAMS 0x0000000090700000, 0x0000000090600000| Complete 
| 263|0x0000000090700000, 0x0000000090800000, 0x0000000090800000|100%| O|  |TAMS 0x0000000090800000, 0x0000000090700000| Complete 
| 264|0x0000000090800000, 0x0000000090800000, 0x0000000090900000|  0%| F|  |TAMS 0x0000000090800000, 0x0000000090800000| Untracked 
| 265|0x0000000090900000, 0x0000000090900000, 0x0000000090a00000|  0%| F|  |TAMS 0x0000000090900000, 0x0000000090900000| Untracked 
| 266|0x0000000090a00000, 0x0000000090a00000, 0x0000000090b00000|  0%| F|  |TAMS 0x0000000090a00000, 0x0000000090a00000| Untracked 
| 267|0x0000000090b00000, 0x0000000090b00000, 0x0000000090c00000|  0%| F|  |TAMS 0x0000000090b00000, 0x0000000090b00000| Untracked 
| 268|0x0000000090c00000, 0x0000000090d00000, 0x0000000090d00000|100%| O|  |TAMS 0x0000000090d00000, 0x0000000090c00000| Complete 
| 269|0x0000000090d00000, 0x0000000090d00000, 0x0000000090e00000|  0%| F|  |TAMS 0x0000000090d00000, 0x0000000090d00000| Untracked 
| 270|0x0000000090e00000, 0x0000000090e00000, 0x0000000090f00000|  0%| F|  |TAMS 0x0000000090e00000, 0x0000000090e00000| Untracked 
| 271|0x0000000090f00000, 0x0000000090f00000, 0x0000000091000000|  0%| F|  |TAMS 0x0000000090f00000, 0x0000000090f00000| Untracked 
| 272|0x0000000091000000, 0x0000000091000000, 0x0000000091100000|  0%| F|  |TAMS 0x0000000091000000, 0x0000000091000000| Untracked 
| 273|0x0000000091100000, 0x0000000091100000, 0x0000000091200000|  0%| F|  |TAMS 0x0000000091100000, 0x0000000091100000| Untracked 
| 274|0x0000000091200000, 0x0000000091200000, 0x0000000091300000|  0%| F|  |TAMS 0x0000000091200000, 0x0000000091200000| Untracked 
| 275|0x0000000091300000, 0x0000000091300000, 0x0000000091400000|  0%| F|  |TAMS 0x0000000091300000, 0x0000000091300000| Untracked 
| 276|0x0000000091400000, 0x0000000091400000, 0x0000000091500000|  0%| F|  |TAMS 0x0000000091400000, 0x0000000091400000| Untracked 
| 277|0x0000000091500000, 0x0000000091500000, 0x0000000091600000|  0%| F|  |TAMS 0x0000000091500000, 0x0000000091500000| Untracked 
| 278|0x0000000091600000, 0x0000000091600000, 0x0000000091700000|  0%| F|  |TAMS 0x0000000091600000, 0x0000000091600000| Untracked 
| 279|0x0000000091700000, 0x0000000091700000, 0x0000000091800000|  0%| F|  |TAMS 0x0000000091700000, 0x0000000091700000| Untracked 
| 280|0x0000000091800000, 0x0000000091800000, 0x0000000091900000|  0%| F|  |TAMS 0x0000000091800000, 0x0000000091800000| Untracked 
| 281|0x0000000091900000, 0x0000000091900000, 0x0000000091a00000|  0%| F|  |TAMS 0x0000000091900000, 0x0000000091900000| Untracked 
| 282|0x0000000091a00000, 0x0000000091a00000, 0x0000000091b00000|  0%| F|  |TAMS 0x0000000091a00000, 0x0000000091a00000| Untracked 
| 283|0x0000000091b00000, 0x0000000091b00000, 0x0000000091c00000|  0%| F|  |TAMS 0x0000000091b00000, 0x0000000091b00000| Untracked 
| 284|0x0000000091c00000, 0x0000000091c00000, 0x0000000091d00000|  0%| F|  |TAMS 0x0000000091c00000, 0x0000000091c00000| Untracked 
| 285|0x0000000091d00000, 0x0000000091d00000, 0x0000000091e00000|  0%| F|  |TAMS 0x0000000091d00000, 0x0000000091d00000| Untracked 
| 286|0x0000000091e00000, 0x0000000091e00000, 0x0000000091f00000|  0%| F|  |TAMS 0x0000000091e00000, 0x0000000091e00000| Untracked 
| 287|0x0000000091f00000, 0x0000000091f00000, 0x0000000092000000|  0%| F|  |TAMS 0x0000000091f00000, 0x0000000091f00000| Untracked 
| 288|0x0000000092000000, 0x0000000092000000, 0x0000000092100000|  0%| F|  |TAMS 0x0000000092000000, 0x0000000092000000| Untracked 
| 289|0x0000000092100000, 0x0000000092100000, 0x0000000092200000|  0%| F|  |TAMS 0x0000000092100000, 0x0000000092100000| Untracked 
| 290|0x0000000092200000, 0x0000000092200000, 0x0000000092300000|  0%| F|  |TAMS 0x0000000092200000, 0x0000000092200000| Untracked 
| 291|0x0000000092300000, 0x0000000092300000, 0x0000000092400000|  0%| F|  |TAMS 0x0000000092300000, 0x0000000092300000| Untracked 
| 292|0x0000000092400000, 0x0000000092400000, 0x0000000092500000|  0%| F|  |TAMS 0x0000000092400000, 0x0000000092400000| Untracked 
| 293|0x0000000092500000, 0x0000000092500000, 0x0000000092600000|  0%| F|  |TAMS 0x0000000092500000, 0x0000000092500000| Untracked 
| 294|0x0000000092600000, 0x0000000092600000, 0x0000000092700000|  0%| F|  |TAMS 0x0000000092600000, 0x0000000092600000| Untracked 
| 295|0x0000000092700000, 0x0000000092700000, 0x0000000092800000|  0%| F|  |TAMS 0x0000000092700000, 0x0000000092700000| Untracked 
| 296|0x0000000092800000, 0x0000000092800000, 0x0000000092900000|  0%| F|  |TAMS 0x0000000092800000, 0x0000000092800000| Untracked 
| 297|0x0000000092900000, 0x0000000092900000, 0x0000000092a00000|  0%| F|  |TAMS 0x0000000092900000, 0x0000000092900000| Untracked 
| 298|0x0000000092a00000, 0x0000000092a00000, 0x0000000092b00000|  0%| F|  |TAMS 0x0000000092a00000, 0x0000000092a00000| Untracked 
| 299|0x0000000092b00000, 0x0000000092b00000, 0x0000000092c00000|  0%| F|  |TAMS 0x0000000092b00000, 0x0000000092b00000| Untracked 
| 300|0x0000000092c00000, 0x0000000092c00000, 0x0000000092d00000|  0%| F|  |TAMS 0x0000000092c00000, 0x0000000092c00000| Untracked 
| 301|0x0000000092d00000, 0x0000000092d00000, 0x0000000092e00000|  0%| F|  |TAMS 0x0000000092d00000, 0x0000000092d00000| Untracked 
| 302|0x0000000092e00000, 0x0000000092e00000, 0x0000000092f00000|  0%| F|  |TAMS 0x0000000092e00000, 0x0000000092e00000| Untracked 
| 303|0x0000000092f00000, 0x0000000092f00000, 0x0000000093000000|  0%| F|  |TAMS 0x0000000092f00000, 0x0000000092f00000| Untracked 
| 304|0x0000000093000000, 0x0000000093000000, 0x0000000093100000|  0%| F|  |TAMS 0x0000000093000000, 0x0000000093000000| Untracked 
| 305|0x0000000093100000, 0x0000000093100000, 0x0000000093200000|  0%| F|  |TAMS 0x0000000093100000, 0x0000000093100000| Untracked 
| 306|0x0000000093200000, 0x0000000093200000, 0x0000000093300000|  0%| F|  |TAMS 0x0000000093200000, 0x0000000093200000| Untracked 
| 307|0x0000000093300000, 0x0000000093300000, 0x0000000093400000|  0%| F|  |TAMS 0x0000000093300000, 0x0000000093300000| Untracked 
| 308|0x0000000093400000, 0x0000000093400000, 0x0000000093500000|  0%| F|  |TAMS 0x0000000093400000, 0x0000000093400000| Untracked 
| 309|0x0000000093500000, 0x0000000093500000, 0x0000000093600000|  0%| F|  |TAMS 0x0000000093500000, 0x0000000093500000| Untracked 
| 310|0x0000000093600000, 0x0000000093600000, 0x0000000093700000|  0%| F|  |TAMS 0x0000000093600000, 0x0000000093600000| Untracked 
| 311|0x0000000093700000, 0x0000000093700000, 0x0000000093800000|  0%| F|  |TAMS 0x0000000093700000, 0x0000000093700000| Untracked 
| 312|0x0000000093800000, 0x0000000093800000, 0x0000000093900000|  0%| F|  |TAMS 0x0000000093800000, 0x0000000093800000| Untracked 
| 313|0x0000000093900000, 0x0000000093900000, 0x0000000093a00000|  0%| F|  |TAMS 0x0000000093900000, 0x0000000093900000| Untracked 
| 314|0x0000000093a00000, 0x0000000093a00000, 0x0000000093b00000|  0%| F|  |TAMS 0x0000000093a00000, 0x0000000093a00000| Untracked 
| 315|0x0000000093b00000, 0x0000000093b00000, 0x0000000093c00000|  0%| F|  |TAMS 0x0000000093b00000, 0x0000000093b00000| Untracked 
| 316|0x0000000093c00000, 0x0000000093c00000, 0x0000000093d00000|  0%| F|  |TAMS 0x0000000093c00000, 0x0000000093c00000| Untracked 
| 317|0x0000000093d00000, 0x0000000093d00000, 0x0000000093e00000|  0%| F|  |TAMS 0x0000000093d00000, 0x0000000093d00000| Untracked 
| 318|0x0000000093e00000, 0x0000000093e00000, 0x0000000093f00000|  0%| F|  |TAMS 0x0000000093e00000, 0x0000000093e00000| Untracked 
| 319|0x0000000093f00000, 0x0000000093f00000, 0x0000000094000000|  0%| F|  |TAMS 0x0000000093f00000, 0x0000000093f00000| Untracked 
| 320|0x0000000094000000, 0x0000000094000000, 0x0000000094100000|  0%| F|  |TAMS 0x0000000094000000, 0x0000000094000000| Untracked 
| 321|0x0000000094100000, 0x0000000094100000, 0x0000000094200000|  0%| F|  |TAMS 0x0000000094100000, 0x0000000094100000| Untracked 
| 322|0x0000000094200000, 0x0000000094200000, 0x0000000094300000|  0%| F|  |TAMS 0x0000000094200000, 0x0000000094200000| Untracked 
| 323|0x0000000094300000, 0x0000000094300000, 0x0000000094400000|  0%| F|  |TAMS 0x0000000094300000, 0x0000000094300000| Untracked 
| 324|0x0000000094400000, 0x0000000094400000, 0x0000000094500000|  0%| F|  |TAMS 0x0000000094400000, 0x0000000094400000| Untracked 
| 325|0x0000000094500000, 0x0000000094500000, 0x0000000094600000|  0%| F|  |TAMS 0x0000000094500000, 0x0000000094500000| Untracked 
| 326|0x0000000094600000, 0x0000000094600000, 0x0000000094700000|  0%| F|  |TAMS 0x0000000094600000, 0x0000000094600000| Untracked 
| 327|0x0000000094700000, 0x0000000094700000, 0x0000000094800000|  0%| F|  |TAMS 0x0000000094700000, 0x0000000094700000| Untracked 
| 328|0x0000000094800000, 0x0000000094800000, 0x0000000094900000|  0%| F|  |TAMS 0x0000000094800000, 0x0000000094800000| Untracked 
| 329|0x0000000094900000, 0x0000000094900000, 0x0000000094a00000|  0%| F|  |TAMS 0x0000000094900000, 0x0000000094900000| Untracked 
| 330|0x0000000094a00000, 0x0000000094a00000, 0x0000000094b00000|  0%| F|  |TAMS 0x0000000094a00000, 0x0000000094a00000| Untracked 
| 331|0x0000000094b00000, 0x0000000094b00000, 0x0000000094c00000|  0%| F|  |TAMS 0x0000000094b00000, 0x0000000094b00000| Untracked 
| 332|0x0000000094c00000, 0x0000000094c00000, 0x0000000094d00000|  0%| F|  |TAMS 0x0000000094c00000, 0x0000000094c00000| Untracked 
| 333|0x0000000094d00000, 0x0000000094d00000, 0x0000000094e00000|  0%| F|  |TAMS 0x0000000094d00000, 0x0000000094d00000| Untracked 
| 334|0x0000000094e00000, 0x0000000094e00000, 0x0000000094f00000|  0%| F|  |TAMS 0x0000000094e00000, 0x0000000094e00000| Untracked 
| 335|0x0000000094f00000, 0x0000000094f00000, 0x0000000095000000|  0%| F|  |TAMS 0x0000000094f00000, 0x0000000094f00000| Untracked 
| 336|0x0000000095000000, 0x0000000095000000, 0x0000000095100000|  0%| F|  |TAMS 0x0000000095000000, 0x0000000095000000| Untracked 
| 337|0x0000000095100000, 0x0000000095100000, 0x0000000095200000|  0%| F|  |TAMS 0x0000000095100000, 0x0000000095100000| Untracked 
| 338|0x0000000095200000, 0x0000000095200000, 0x0000000095300000|  0%| F|  |TAMS 0x0000000095200000, 0x0000000095200000| Untracked 
| 339|0x0000000095300000, 0x0000000095300000, 0x0000000095400000|  0%| F|  |TAMS 0x0000000095300000, 0x0000000095300000| Untracked 
| 340|0x0000000095400000, 0x0000000095400000, 0x0000000095500000|  0%| F|  |TAMS 0x0000000095400000, 0x0000000095400000| Untracked 
| 341|0x0000000095500000, 0x0000000095500000, 0x0000000095600000|  0%| F|  |TAMS 0x0000000095500000, 0x0000000095500000| Untracked 
| 342|0x0000000095600000, 0x0000000095600000, 0x0000000095700000|  0%| F|  |TAMS 0x0000000095600000, 0x0000000095600000| Untracked 
| 343|0x0000000095700000, 0x0000000095700000, 0x0000000095800000|  0%| F|  |TAMS 0x0000000095700000, 0x0000000095700000| Untracked 
| 344|0x0000000095800000, 0x0000000095800000, 0x0000000095900000|  0%| F|  |TAMS 0x0000000095800000, 0x0000000095800000| Untracked 
| 345|0x0000000095900000, 0x0000000095900000, 0x0000000095a00000|  0%| F|  |TAMS 0x0000000095900000, 0x0000000095900000| Untracked 
| 346|0x0000000095a00000, 0x0000000095a00000, 0x0000000095b00000|  0%| F|  |TAMS 0x0000000095a00000, 0x0000000095a00000| Untracked 
| 347|0x0000000095b00000, 0x0000000095b00000, 0x0000000095c00000|  0%| F|  |TAMS 0x0000000095b00000, 0x0000000095b00000| Untracked 
| 348|0x0000000095c00000, 0x0000000095c00000, 0x0000000095d00000|  0%| F|  |TAMS 0x0000000095c00000, 0x0000000095c00000| Untracked 
| 349|0x0000000095d00000, 0x0000000095d00000, 0x0000000095e00000|  0%| F|  |TAMS 0x0000000095d00000, 0x0000000095d00000| Untracked 
| 350|0x0000000095e00000, 0x0000000095e00000, 0x0000000095f00000|  0%| F|  |TAMS 0x0000000095e00000, 0x0000000095e00000| Untracked 
| 351|0x0000000095f00000, 0x0000000095f00000, 0x0000000096000000|  0%| F|  |TAMS 0x0000000095f00000, 0x0000000095f00000| Untracked 
| 352|0x0000000096000000, 0x0000000096000000, 0x0000000096100000|  0%| F|  |TAMS 0x0000000096000000, 0x0000000096000000| Untracked 
| 353|0x0000000096100000, 0x0000000096100000, 0x0000000096200000|  0%| F|  |TAMS 0x0000000096100000, 0x0000000096100000| Untracked 
| 354|0x0000000096200000, 0x0000000096200000, 0x0000000096300000|  0%| F|  |TAMS 0x0000000096200000, 0x0000000096200000| Untracked 
| 355|0x0000000096300000, 0x0000000096300000, 0x0000000096400000|  0%| F|  |TAMS 0x0000000096300000, 0x0000000096300000| Untracked 
| 356|0x0000000096400000, 0x0000000096400000, 0x0000000096500000|  0%| F|  |TAMS 0x0000000096400000, 0x0000000096400000| Untracked 
| 357|0x0000000096500000, 0x0000000096500000, 0x0000000096600000|  0%| F|  |TAMS 0x0000000096500000, 0x0000000096500000| Untracked 
| 358|0x0000000096600000, 0x0000000096600000, 0x0000000096700000|  0%| F|  |TAMS 0x0000000096600000, 0x0000000096600000| Untracked 
| 359|0x0000000096700000, 0x0000000096700000, 0x0000000096800000|  0%| F|  |TAMS 0x0000000096700000, 0x0000000096700000| Untracked 
| 360|0x0000000096800000, 0x0000000096800000, 0x0000000096900000|  0%| F|  |TAMS 0x0000000096800000, 0x0000000096800000| Untracked 
| 361|0x0000000096900000, 0x0000000096900000, 0x0000000096a00000|  0%| F|  |TAMS 0x0000000096900000, 0x0000000096900000| Untracked 
| 362|0x0000000096a00000, 0x0000000096a80630, 0x0000000096b00000| 50%| E|  |TAMS 0x0000000096a00000, 0x0000000096a00000| Complete 
| 363|0x0000000096b00000, 0x0000000096c00000, 0x0000000096c00000|100%| E|CS|TAMS 0x0000000096b00000, 0x0000000096b00000| Complete 
| 364|0x0000000096c00000, 0x0000000096d00000, 0x0000000096d00000|100%| E|CS|TAMS 0x0000000096c00000, 0x0000000096c00000| Complete 
| 365|0x0000000096d00000, 0x0000000096e00000, 0x0000000096e00000|100%| E|CS|TAMS 0x0000000096d00000, 0x0000000096d00000| Complete 
| 366|0x0000000096e00000, 0x0000000096f00000, 0x0000000096f00000|100%| E|CS|TAMS 0x0000000096e00000, 0x0000000096e00000| Complete 
| 367|0x0000000096f00000, 0x0000000097000000, 0x0000000097000000|100%| E|CS|TAMS 0x0000000096f00000, 0x0000000096f00000| Complete 
| 368|0x0000000097000000, 0x0000000097100000, 0x0000000097100000|100%| E|CS|TAMS 0x0000000097000000, 0x0000000097000000| Complete 
| 369|0x0000000097100000, 0x0000000097200000, 0x0000000097200000|100%| E|CS|TAMS 0x0000000097100000, 0x0000000097100000| Complete 
| 370|0x0000000097200000, 0x0000000097300000, 0x0000000097300000|100%| E|CS|TAMS 0x0000000097200000, 0x0000000097200000| Complete 
| 371|0x0000000097300000, 0x0000000097400000, 0x0000000097400000|100%| E|CS|TAMS 0x0000000097300000, 0x0000000097300000| Complete 
| 372|0x0000000097400000, 0x0000000097500000, 0x0000000097500000|100%| E|CS|TAMS 0x0000000097400000, 0x0000000097400000| Complete 
| 373|0x0000000097500000, 0x0000000097600000, 0x0000000097600000|100%| E|CS|TAMS 0x0000000097500000, 0x0000000097500000| Complete 
| 374|0x0000000097600000, 0x0000000097700000, 0x0000000097700000|100%| E|CS|TAMS 0x0000000097600000, 0x0000000097600000| Complete 
| 375|0x0000000097700000, 0x0000000097800000, 0x0000000097800000|100%| E|CS|TAMS 0x0000000097700000, 0x0000000097700000| Complete 
| 376|0x0000000097800000, 0x0000000097900000, 0x0000000097900000|100%| E|CS|TAMS 0x0000000097800000, 0x0000000097800000| Complete 
| 377|0x0000000097900000, 0x0000000097a00000, 0x0000000097a00000|100%| E|CS|TAMS 0x0000000097900000, 0x0000000097900000| Complete 
| 378|0x0000000097a00000, 0x0000000097b00000, 0x0000000097b00000|100%| E|CS|TAMS 0x0000000097a00000, 0x0000000097a00000| Complete 
| 379|0x0000000097b00000, 0x0000000097c00000, 0x0000000097c00000|100%| E|CS|TAMS 0x0000000097b00000, 0x0000000097b00000| Complete 
| 380|0x0000000097c00000, 0x0000000097d00000, 0x0000000097d00000|100%| E|CS|TAMS 0x0000000097c00000, 0x0000000097c00000| Complete 
| 381|0x0000000097d00000, 0x0000000097e00000, 0x0000000097e00000|100%| E|CS|TAMS 0x0000000097d00000, 0x0000000097d00000| Complete 
| 382|0x0000000097e00000, 0x0000000097f00000, 0x0000000097f00000|100%| E|CS|TAMS 0x0000000097e00000, 0x0000000097e00000| Complete 
| 383|0x0000000097f00000, 0x0000000098000000, 0x0000000098000000|100%| E|CS|TAMS 0x0000000097f00000, 0x0000000097f00000| Complete 
| 384|0x0000000098000000, 0x0000000098100000, 0x0000000098100000|100%| E|CS|TAMS 0x0000000098000000, 0x0000000098000000| Complete 
| 385|0x0000000098100000, 0x0000000098200000, 0x0000000098200000|100%| E|CS|TAMS 0x0000000098100000, 0x0000000098100000| Complete 
| 386|0x0000000098200000, 0x0000000098300000, 0x0000000098300000|100%| E|CS|TAMS 0x0000000098200000, 0x0000000098200000| Complete 
| 387|0x0000000098300000, 0x0000000098400000, 0x0000000098400000|100%| E|CS|TAMS 0x0000000098300000, 0x0000000098300000| Complete 
| 388|0x0000000098400000, 0x0000000098500000, 0x0000000098500000|100%| E|CS|TAMS 0x0000000098400000, 0x0000000098400000| Complete 
| 389|0x0000000098500000, 0x0000000098600000, 0x0000000098600000|100%| E|CS|TAMS 0x0000000098500000, 0x0000000098500000| Complete 
| 390|0x0000000098600000, 0x0000000098700000, 0x0000000098700000|100%| E|CS|TAMS 0x0000000098600000, 0x0000000098600000| Complete 
| 391|0x0000000098700000, 0x0000000098800000, 0x0000000098800000|100%| E|CS|TAMS 0x0000000098700000, 0x0000000098700000| Complete 
| 392|0x0000000098800000, 0x0000000098900000, 0x0000000098900000|100%| E|CS|TAMS 0x0000000098800000, 0x0000000098800000| Complete 
| 393|0x0000000098900000, 0x0000000098a00000, 0x0000000098a00000|100%| E|CS|TAMS 0x0000000098900000, 0x0000000098900000| Complete 
| 394|0x0000000098a00000, 0x0000000098b00000, 0x0000000098b00000|100%| E|CS|TAMS 0x0000000098a00000, 0x0000000098a00000| Complete 
| 395|0x0000000098b00000, 0x0000000098c00000, 0x0000000098c00000|100%| E|CS|TAMS 0x0000000098b00000, 0x0000000098b00000| Complete 
| 396|0x0000000098c00000, 0x0000000098d00000, 0x0000000098d00000|100%| E|CS|TAMS 0x0000000098c00000, 0x0000000098c00000| Complete 
| 397|0x0000000098d00000, 0x0000000098e00000, 0x0000000098e00000|100%| E|CS|TAMS 0x0000000098d00000, 0x0000000098d00000| Complete 
| 398|0x0000000098e00000, 0x0000000098f00000, 0x0000000098f00000|100%| E|CS|TAMS 0x0000000098e00000, 0x0000000098e00000| Complete 
| 399|0x0000000098f00000, 0x0000000099000000, 0x0000000099000000|100%| E|CS|TAMS 0x0000000098f00000, 0x0000000098f00000| Complete 
| 400|0x0000000099000000, 0x0000000099100000, 0x0000000099100000|100%| E|CS|TAMS 0x0000000099000000, 0x0000000099000000| Complete 
| 401|0x0000000099100000, 0x0000000099200000, 0x0000000099200000|100%| E|CS|TAMS 0x0000000099100000, 0x0000000099100000| Complete 
| 402|0x0000000099200000, 0x0000000099300000, 0x0000000099300000|100%| E|CS|TAMS 0x0000000099200000, 0x0000000099200000| Complete 
| 403|0x0000000099300000, 0x0000000099400000, 0x0000000099400000|100%| E|CS|TAMS 0x0000000099300000, 0x0000000099300000| Complete 
| 404|0x0000000099400000, 0x0000000099500000, 0x0000000099500000|100%| E|CS|TAMS 0x0000000099400000, 0x0000000099400000| Complete 
| 405|0x0000000099500000, 0x0000000099600000, 0x0000000099600000|100%| E|CS|TAMS 0x0000000099500000, 0x0000000099500000| Complete 
| 406|0x0000000099600000, 0x0000000099700000, 0x0000000099700000|100%| E|CS|TAMS 0x0000000099600000, 0x0000000099600000| Complete 
| 407|0x0000000099700000, 0x0000000099800000, 0x0000000099800000|100%| E|CS|TAMS 0x0000000099700000, 0x0000000099700000| Complete 
| 408|0x0000000099800000, 0x00000000998fff98, 0x0000000099900000| 99%| E|  |TAMS 0x0000000099800000, 0x0000000099800000| Complete 
| 409|0x0000000099900000, 0x0000000099a00000, 0x0000000099a00000|100%| E|CS|TAMS 0x0000000099900000, 0x0000000099900000| Complete 
| 410|0x0000000099a00000, 0x0000000099b00000, 0x0000000099b00000|100%| E|CS|TAMS 0x0000000099a00000, 0x0000000099a00000| Complete 
| 411|0x0000000099b00000, 0x0000000099c00000, 0x0000000099c00000|100%| E|CS|TAMS 0x0000000099b00000, 0x0000000099b00000| Complete 
| 412|0x0000000099c00000, 0x0000000099d00000, 0x0000000099d00000|100%| E|CS|TAMS 0x0000000099c00000, 0x0000000099c00000| Complete 
| 413|0x0000000099d00000, 0x0000000099e00000, 0x0000000099e00000|100%| E|CS|TAMS 0x0000000099d00000, 0x0000000099d00000| Complete 
| 414|0x0000000099e00000, 0x0000000099f00000, 0x0000000099f00000|100%| E|CS|TAMS 0x0000000099e00000, 0x0000000099e00000| Complete 
| 415|0x0000000099f00000, 0x000000009a000000, 0x000000009a000000|100%| E|CS|TAMS 0x0000000099f00000, 0x0000000099f00000| Complete 
| 416|0x000000009a000000, 0x000000009a100000, 0x000000009a100000|100%| E|CS|TAMS 0x000000009a000000, 0x000000009a000000| Complete 
| 417|0x000000009a100000, 0x000000009a200000, 0x000000009a200000|100%| E|CS|TAMS 0x000000009a100000, 0x000000009a100000| Complete 
| 418|0x000000009a200000, 0x000000009a300000, 0x000000009a300000|100%| E|CS|TAMS 0x000000009a200000, 0x000000009a200000| Complete 
| 419|0x000000009a300000, 0x000000009a400000, 0x000000009a400000|100%| E|CS|TAMS 0x000000009a300000, 0x000000009a300000| Complete 
| 420|0x000000009a400000, 0x000000009a500000, 0x000000009a500000|100%| E|CS|TAMS 0x000000009a400000, 0x000000009a400000| Complete 
| 421|0x000000009a500000, 0x000000009a600000, 0x000000009a600000|100%| E|CS|TAMS 0x000000009a500000, 0x000000009a500000| Complete 
| 422|0x000000009a600000, 0x000000009a700000, 0x000000009a700000|100%| E|CS|TAMS 0x000000009a600000, 0x000000009a600000| Complete 
| 423|0x000000009a700000, 0x000000009a800000, 0x000000009a800000|100%| E|CS|TAMS 0x000000009a700000, 0x000000009a700000| Complete 
| 424|0x000000009a800000, 0x000000009a900000, 0x000000009a900000|100%| E|CS|TAMS 0x000000009a800000, 0x000000009a800000| Complete 
| 425|0x000000009a900000, 0x000000009aa00000, 0x000000009aa00000|100%| E|CS|TAMS 0x000000009a900000, 0x000000009a900000| Complete 
| 426|0x000000009aa00000, 0x000000009ab00000, 0x000000009ab00000|100%| E|CS|TAMS 0x000000009aa00000, 0x000000009aa00000| Complete 
| 427|0x000000009ab00000, 0x000000009ac00000, 0x000000009ac00000|100%| E|CS|TAMS 0x000000009ab00000, 0x000000009ab00000| Complete 
| 428|0x000000009ac00000, 0x000000009ad00000, 0x000000009ad00000|100%| E|CS|TAMS 0x000000009ac00000, 0x000000009ac00000| Complete 
| 429|0x000000009ad00000, 0x000000009ae00000, 0x000000009ae00000|100%| E|CS|TAMS 0x000000009ad00000, 0x000000009ad00000| Complete 
| 430|0x000000009ae00000, 0x000000009af00000, 0x000000009af00000|100%| E|CS|TAMS 0x000000009ae00000, 0x000000009ae00000| Complete 
| 431|0x000000009af00000, 0x000000009b000000, 0x000000009b000000|100%| E|CS|TAMS 0x000000009af00000, 0x000000009af00000| Complete 
| 432|0x000000009b000000, 0x000000009b100000, 0x000000009b100000|100%| E|CS|TAMS 0x000000009b000000, 0x000000009b000000| Complete 
| 433|0x000000009b100000, 0x000000009b200000, 0x000000009b200000|100%| E|CS|TAMS 0x000000009b100000, 0x000000009b100000| Complete 
| 434|0x000000009b200000, 0x000000009b300000, 0x000000009b300000|100%| E|CS|TAMS 0x000000009b200000, 0x000000009b200000| Complete 
| 435|0x000000009b300000, 0x000000009b400000, 0x000000009b400000|100%| E|CS|TAMS 0x000000009b300000, 0x000000009b300000| Complete 
| 436|0x000000009b400000, 0x000000009b500000, 0x000000009b500000|100%| E|CS|TAMS 0x000000009b400000, 0x000000009b400000| Complete 
| 437|0x000000009b500000, 0x000000009b600000, 0x000000009b600000|100%| E|CS|TAMS 0x000000009b500000, 0x000000009b500000| Complete 
| 438|0x000000009b600000, 0x000000009b700000, 0x000000009b700000|100%| E|CS|TAMS 0x000000009b600000, 0x000000009b600000| Complete 
| 439|0x000000009b700000, 0x000000009b800000, 0x000000009b800000|100%| E|CS|TAMS 0x000000009b700000, 0x000000009b700000| Complete 
| 440|0x000000009b800000, 0x000000009b900000, 0x000000009b900000|100%| E|CS|TAMS 0x000000009b800000, 0x000000009b800000| Complete 
| 441|0x000000009b900000, 0x000000009ba00000, 0x000000009ba00000|100%| E|CS|TAMS 0x000000009b900000, 0x000000009b900000| Complete 
| 442|0x000000009ba00000, 0x000000009bb00000, 0x000000009bb00000|100%| E|CS|TAMS 0x000000009ba00000, 0x000000009ba00000| Complete 
| 443|0x000000009bb00000, 0x000000009bc00000, 0x000000009bc00000|100%| E|CS|TAMS 0x000000009bb00000, 0x000000009bb00000| Complete 
| 444|0x000000009bc00000, 0x000000009bd00000, 0x000000009bd00000|100%| E|CS|TAMS 0x000000009bc00000, 0x000000009bc00000| Complete 

Card table byte_map: [0x0000018b6c150000,0x0000018b6c550000] _byte_map_base: 0x0000018b6bd50000

Marking Bits (Prev, Next): (CMBitMap*) 0x0000018b590f75e8, (CMBitMap*) 0x0000018b590f7620
 Prev Bits: [0x0000018b6c950000, 0x0000018b6e950000)
 Next Bits: [0x0000018b6e950000, 0x0000018b70950000)

Polling page: 0x0000018b56fc0000

Metaspace:

Usage:
  Non-class:     98.19 MB capacity,    96.16 MB ( 98%) used,     1.64 MB (  2%) free+waste,   399.88 KB ( <1%) overhead. 
      Class:     15.16 MB capacity,    13.93 MB ( 92%) used,     1.06 MB (  7%) free+waste,   175.88 KB (  1%) overhead. 
       Both:    113.34 MB capacity,   110.08 MB ( 97%) used,     2.70 MB (  2%) free+waste,   575.75 KB ( <1%) overhead. 

Virtual space:
  Non-class space:      100.00 MB reserved,      99.04 MB (>99%) committed 
      Class space:        1.00 GB reserved,      15.75 MB (  2%) committed 
             Both:        1.10 GB reserved,     114.79 MB ( 10%) committed 

Chunk freelists:
   Non-Class:  740.00 KB
       Class:  575.00 KB
        Both:  1.28 MB

MaxMetaspaceSize: 17179869184.00 GB
CompressedClassSpaceSize: 1.00 GB

CodeHeap 'non-profiled nmethods': size=120000Kb used=16346Kb max_used=16842Kb free=103653Kb
 bounds [0x0000018b644f0000, 0x0000018b65570000, 0x0000018b6ba20000]
CodeHeap 'profiled nmethods': size=120000Kb used=35875Kb max_used=37674Kb free=84124Kb
 bounds [0x0000018b5cfc0000, 0x0000018b5f4c0000, 0x0000018b644f0000]
CodeHeap 'non-nmethods': size=5760Kb used=2347Kb max_used=2423Kb free=3412Kb
 bounds [0x0000018b5ca20000, 0x0000018b5cc90000, 0x0000018b5cfc0000]
 total_blobs=19324 nmethods=18370 adapters=864
 compilation: enabled
              stopped_count=0, restarted_count=0
 full_count=0

Compilation events (20 events):
Event: 2121.433 Thread 0x0000018b73c9f800 22449       3       org.gradle.internal.component.external.model.LazyVariantBackedConfigurationMetadata$RuleAwareVariant::asDescribable (10 bytes)
Event: 2121.433 Thread 0x0000018b73c9f800 nmethod 22449 0x0000018b5d177090 code [0x0000018b5d177240, 0x0000018b5d177408]
Event: 2121.433 Thread 0x0000018b73c9f800 22450       3       org.gradle.internal.component.external.model.AbstractMutableModuleComponentResolveMetadata$ImmutableVariantImpl::asDescribable (14 bytes)
Event: 2121.434 Thread 0x0000018b79859000 22446       4       org.gradle.api.internal.artifacts.DefaultModuleVersionIdentifier::getGroup (10 bytes)
Event: 2121.434 Thread 0x0000018b73c9f800 nmethod 22450 0x0000018b5d1cbb90 code [0x0000018b5d1cbd80, 0x0000018b5d1cc1d8]
Event: 2121.434 Thread 0x0000018b79859000 nmethod 22446 0x0000018b64887c90 code [0x0000018b64887e20, 0x0000018b64887eb8]
Event: 2121.434 Thread 0x0000018b79859000 22447   !   4       org.gradle.api.internal.artifacts.ivyservice.ivyresolve.ErrorHandlingModuleComponentRepository$ErrorHandlingModuleComponentRepositoryAccess::tryResolveAndMaybeBlacklist (221 bytes)
Event: 2121.457 Thread 0x0000018b79856800 nmethod 22442 0x0000018b6489d410 code [0x0000018b6489d7a0, 0x0000018b6489f320]
Event: 2121.457 Thread 0x0000018b79856800 22439       4       org.gradle.internal.component.external.model.AbstractVariantBackedConfigurationMetadata::getAttributes (5 bytes)
Event: 2121.459 Thread 0x0000018b79856800 nmethod 22439 0x0000018b6489cb10 code [0x0000018b6489cce0, 0x0000018b6489d048]
Event: 2121.459 Thread 0x0000018b79856800 22452       4       java.util.HashSet::<init> (18 bytes)
Event: 2121.461 Thread 0x0000018b79856800 nmethod 22452 0x0000018b64887510 code [0x0000018b648876c0, 0x0000018b64887998]
Event: 2121.461 Thread 0x0000018b79856800 22445       4       org.gradle.api.internal.artifacts.ivyservice.resolutionstrategy.DefaultCachePolicy$AbstractResolutionControl::<init> (30 bytes)
Event: 2121.462 Thread 0x0000018b79856800 nmethod 22445 0x0000018b6489c690 code [0x0000018b6489c820, 0x0000018b6489ca58]
Event: 2121.462 Thread 0x0000018b79856800 22451       4       org.gradle.internal.resolve.result.DefaultBuildableTypedResolveResult::resolved (11 bytes)
Event: 2121.463 Thread 0x0000018b79856800 nmethod 22451 0x0000018b6489c310 code [0x0000018b6489c4a0, 0x0000018b6489c618]
Event: 2121.463 Thread 0x0000018b79856800 22443       4       org.gradle.api.internal.artifacts.ivyservice.resolveengine.graph.builder.NodeState::maybeSubstitute (118 bytes)
Event: 2121.470 Thread 0x0000018b73c9e800 nmethod 22408 0x0000018b64917b90 code [0x0000018b64917f40, 0x0000018b6491bac0]
Event: 2121.470 Thread 0x0000018b73c9e800 22441       4       org.gradle.internal.component.model.AttributeConfigurationSelector::singleVariant (25 bytes)
Event: 2121.472 Thread 0x0000018b73c9e800 nmethod 22441 0x0000018b6489bc10 code [0x0000018b6489bde0, 0x0000018b6489c078]

GC Heap History (20 events):
Event: 2021.179 GC heap before
{Heap before GC invocations=47 (full 0):
 garbage-first heap   total 295936K, used 218320K [0x0000000080000000, 0x0000000100000000)
  region size 1024K, 98 young (100352K), 2 survivors (2048K)
 Metaspace       used 112499K, capacity 115868K, committed 117540K, reserved 1150976K
  class space    used 14231K, capacity 15471K, committed 16128K, reserved 1048576K
}
Event: 2021.193 GC heap after
{Heap after GC invocations=48 (full 0):
 garbage-first heap   total 295936K, used 130048K [0x0000000080000000, 0x0000000100000000)
  region size 1024K, 13 young (13312K), 13 survivors (13312K)
 Metaspace       used 112499K, capacity 115868K, committed 117540K, reserved 1150976K
  class space    used 14231K, capacity 15471K, committed 16128K, reserved 1048576K
}
Event: 2021.194 GC heap before
{Heap before GC invocations=48 (full 0):
 garbage-first heap   total 295936K, used 131072K [0x0000000080000000, 0x0000000100000000)
  region size 1024K, 14 young (14336K), 13 survivors (13312K)
 Metaspace       used 112501K, capacity 115868K, committed 117540K, reserved 1150976K
  class space    used 14231K, capacity 15471K, committed 16128K, reserved 1048576K
}
Event: 2021.205 GC heap after
{Heap after GC invocations=49 (full 0):
 garbage-first heap   total 295936K, used 122634K [0x0000000080000000, 0x0000000100000000)
  region size 1024K, 2 young (2048K), 2 survivors (2048K)
 Metaspace       used 112501K, capacity 115868K, committed 117540K, reserved 1150976K
  class space    used 14231K, capacity 15471K, committed 16128K, reserved 1048576K
}
Event: 2021.372 GC heap before
{Heap before GC invocations=49 (full 0):
 garbage-first heap   total 295936K, used 204554K [0x0000000080000000, 0x0000000100000000)
  region size 1024K, 83 young (84992K), 2 survivors (2048K)
 Metaspace       used 112504K, capacity 115868K, committed 117540K, reserved 1150976K
  class space    used 14232K, capacity 15471K, committed 16128K, reserved 1048576K
}
Event: 2021.395 GC heap after
{Heap after GC invocations=50 (full 0):
 garbage-first heap   total 295936K, used 154959K [0x0000000080000000, 0x0000000100000000)
  region size 1024K, 11 young (11264K), 11 survivors (11264K)
 Metaspace       used 112504K, capacity 115868K, committed 117540K, reserved 1150976K
  class space    used 14232K, capacity 15471K, committed 16128K, reserved 1048576K
}
Event: 2021.633 GC heap before
{Heap before GC invocations=51 (full 0):
 garbage-first heap   total 295936K, used 218447K [0x0000000080000000, 0x0000000100000000)
  region size 1024K, 71 young (72704K), 11 survivors (11264K)
 Metaspace       used 112506K, capacity 115868K, committed 117540K, reserved 1150976K
  class space    used 14232K, capacity 15471K, committed 16128K, reserved 1048576K
}
Event: 2021.655 GC heap after
{Heap after GC invocations=52 (full 0):
 garbage-first heap   total 295936K, used 170722K [0x0000000080000000, 0x0000000100000000)
  region size 1024K, 9 young (9216K), 9 survivors (9216K)
 Metaspace       used 112506K, capacity 115868K, committed 117540K, reserved 1150976K
  class space    used 14232K, capacity 15471K, committed 16128K, reserved 1048576K
}
Event: 2021.693 GC heap before
{Heap before GC invocations=52 (full 0):
 garbage-first heap   total 295936K, used 175842K [0x0000000080000000, 0x0000000100000000)
  region size 1024K, 14 young (14336K), 9 survivors (9216K)
 Metaspace       used 112507K, capacity 115868K, committed 117540K, reserved 1150976K
  class space    used 14232K, capacity 15471K, committed 16128K, reserved 1048576K
}
Event: 2021.711 GC heap after
{Heap after GC invocations=53 (full 0):
 garbage-first heap   total 295936K, used 168328K [0x0000000080000000, 0x0000000100000000)
  region size 1024K, 2 young (2048K), 2 survivors (2048K)
 Metaspace       used 112507K, capacity 115868K, committed 117540K, reserved 1150976K
  class space    used 14232K, capacity 15471K, committed 16128K, reserved 1048576K
}
Event: 2021.865 GC heap before
{Heap before GC invocations=53 (full 0):
 garbage-first heap   total 295936K, used 186760K [0x0000000080000000, 0x0000000100000000)
  region size 1024K, 21 young (21504K), 2 survivors (2048K)
 Metaspace       used 112510K, capacity 115868K, committed 117540K, reserved 1150976K
  class space    used 14232K, capacity 15471K, committed 16128K, reserved 1048576K
}
Event: 2021.877 GC heap after
{Heap after GC invocations=54 (full 0):
 garbage-first heap   total 295936K, used 175779K [0x0000000080000000, 0x0000000100000000)
  region size 1024K, 7 young (7168K), 7 survivors (7168K)
 Metaspace       used 112510K, capacity 115868K, committed 117540K, reserved 1150976K
  class space    used 14232K, capacity 15471K, committed 16128K, reserved 1048576K
}
Event: 2022.258 GC heap before
{Heap before GC invocations=55 (full 0):
 garbage-first heap   total 295936K, used 226979K [0x0000000080000000, 0x0000000100000000)
  region size 1024K, 50 young (51200K), 7 survivors (7168K)
 Metaspace       used 112512K, capacity 115868K, committed 117540K, reserved 1150976K
  class space    used 14232K, capacity 15471K, committed 16128K, reserved 1048576K
}
Event: 2022.272 GC heap after
{Heap after GC invocations=56 (full 0):
 garbage-first heap   total 295936K, used 189129K [0x0000000080000000, 0x0000000100000000)
  region size 1024K, 6 young (6144K), 6 survivors (6144K)
 Metaspace       used 112512K, capacity 115868K, committed 117540K, reserved 1150976K
  class space    used 14232K, capacity 15471K, committed 16128K, reserved 1048576K
}
Event: 2022.322 GC heap before
{Heap before GC invocations=56 (full 0):
 garbage-first heap   total 295936K, used 202441K [0x0000000080000000, 0x0000000100000000)
  region size 1024K, 14 young (14336K), 6 survivors (6144K)
 Metaspace       used 112513K, capacity 115869K, committed 117540K, reserved 1150976K
  class space    used 14232K, capacity 15471K, committed 16128K, reserved 1048576K
}
Event: 2022.335 GC heap after
{Heap after GC invocations=57 (full 0):
 garbage-first heap   total 295936K, used 184938K [0x0000000080000000, 0x0000000100000000)
  region size 1024K, 2 young (2048K), 2 survivors (2048K)
 Metaspace       used 112513K, capacity 115869K, committed 117540K, reserved 1150976K
  class space    used 14232K, capacity 15471K, committed 16128K, reserved 1048576K
}
Event: 2022.366 GC heap before
{Heap before GC invocations=57 (full 0):
 garbage-first heap   total 295936K, used 210538K [0x0000000080000000, 0x0000000100000000)
  region size 1024K, 29 young (29696K), 2 survivors (2048K)
 Metaspace       used 112513K, capacity 115869K, committed 117540K, reserved 1150976K
  class space    used 14232K, capacity 15471K, committed 16128K, reserved 1048576K
}
Event: 2022.374 GC heap after
{Heap after GC invocations=58 (full 0):
 garbage-first heap   total 295936K, used 190928K [0x0000000080000000, 0x0000000100000000)
  region size 1024K, 6 young (6144K), 6 survivors (6144K)
 Metaspace       used 112513K, capacity 115869K, committed 117540K, reserved 1150976K
  class space    used 14232K, capacity 15471K, committed 16128K, reserved 1048576K
}
Event: 2022.489 GC heap before
{Heap before GC invocations=58 (full 0):
 garbage-first heap   total 295936K, used 240080K [0x0000000080000000, 0x0000000100000000)
  region size 1024K, 45 young (46080K), 6 survivors (6144K)
 Metaspace       used 112513K, capacity 115869K, committed 117540K, reserved 1150976K
  class space    used 14232K, capacity 15471K, committed 16128K, reserved 1048576K
}
Event: 2022.497 GC heap after
{Heap after GC invocations=59 (full 0):
 garbage-first heap   total 455680K, used 205145K [0x0000000080000000, 0x0000000100000000)
  region size 1024K, 5 young (5120K), 5 survivors (5120K)
 Metaspace       used 112513K, capacity 115869K, committed 117540K, reserved 1150976K
  class space    used 14232K, capacity 15471K, committed 16128K, reserved 1048576K
}

Deoptimization events (20 events):
Event: 2023.055 Thread 0x0000018b7984c800 DEOPT PACKING pc=0x0000018b5d9a2c34 sp=0x0000002d0d2fd230
Event: 2023.055 Thread 0x0000018b7984c800 DEOPT UNPACKING pc=0x0000018b5ca48ade sp=0x0000002d0d2fc6f0 mode 0
Event: 2023.056 Thread 0x0000018b7984c800 DEOPT PACKING pc=0x0000018b5d9a2c34 sp=0x0000002d0d2fd230
Event: 2023.056 Thread 0x0000018b7984c800 DEOPT UNPACKING pc=0x0000018b5ca48ade sp=0x0000002d0d2fc6f0 mode 0
Event: 2023.057 Thread 0x0000018b7984c800 DEOPT PACKING pc=0x0000018b5d9a2c34 sp=0x0000002d0d2fd230
Event: 2023.057 Thread 0x0000018b7984c800 DEOPT UNPACKING pc=0x0000018b5ca48ade sp=0x0000002d0d2fc6f0 mode 0
Event: 2023.058 Thread 0x0000018b7984c800 DEOPT PACKING pc=0x0000018b5d9a2c34 sp=0x0000002d0d2fd230
Event: 2023.058 Thread 0x0000018b7984c800 DEOPT UNPACKING pc=0x0000018b5ca48ade sp=0x0000002d0d2fc6f0 mode 0
Event: 2023.059 Thread 0x0000018b7984c800 DEOPT PACKING pc=0x0000018b5d9a2c34 sp=0x0000002d0d2fd230
Event: 2023.059 Thread 0x0000018b7984c800 DEOPT UNPACKING pc=0x0000018b5ca48ade sp=0x0000002d0d2fc6f0 mode 0
Event: 2023.059 Thread 0x0000018b7984c800 DEOPT PACKING pc=0x0000018b5d9a2c34 sp=0x0000002d0d2fd230
Event: 2023.059 Thread 0x0000018b7984c800 DEOPT UNPACKING pc=0x0000018b5ca48ade sp=0x0000002d0d2fc6f0 mode 0
Event: 2023.060 Thread 0x0000018b7984c800 DEOPT PACKING pc=0x0000018b5d9a2c34 sp=0x0000002d0d2fd230
Event: 2023.060 Thread 0x0000018b7984c800 DEOPT UNPACKING pc=0x0000018b5ca48ade sp=0x0000002d0d2fc6f0 mode 0
Event: 2023.061 Thread 0x0000018b7984c800 DEOPT PACKING pc=0x0000018b5d9a2bda sp=0x0000002d0d2fd220
Event: 2023.061 Thread 0x0000018b7984c800 DEOPT UNPACKING pc=0x0000018b5ca48ade sp=0x0000002d0d2fc6e0 mode 0
Event: 2023.097 Thread 0x0000018b797c4800 Uncommon trap: trap_request=0xffffff64 fr.pc=0x0000018b64ecbb30 relative=0x0000000000000390
Event: 2023.097 Thread 0x0000018b797c4800 Uncommon trap: reason=speculate_null_check action=make_not_entrant pc=0x0000018b64ecbb30 method=org.gradle.internal.operations.UnmanagedBuildOperationWrapper.maybeStopUnmanagedThreadOperation(Lorg/gradle/internal/operations/BuildOperationState;)V @ 1 c2
Event: 2023.097 Thread 0x0000018b797c4800 DEOPT PACKING pc=0x0000018b64ecbb30 sp=0x0000002d044fd290
Event: 2023.097 Thread 0x0000018b797c4800 DEOPT UNPACKING pc=0x0000018b5ca2822f sp=0x0000002d044fd1e8 mode 2

Classes redefined (0 events):
No events

Internal exceptions (20 events):
Event: 2020.706 Thread 0x0000018b7416b800 Exception <a 'sun/nio/fs/WindowsException'{0x0000000091606e98}> (0x0000000091606e98) thrown at [./src/hotspot/share/prims/jni.cpp, line 615]
Event: 2020.713 Thread 0x0000018b7416b800 Exception <a 'sun/nio/fs/WindowsException'{0x0000000091643470}> (0x0000000091643470) thrown at [./src/hotspot/share/prims/jni.cpp, line 615]
Event: 2020.880 Thread 0x0000018b74177000 Exception <a 'sun/nio/fs/WindowsException'{0x00000000917f1670}> (0x00000000917f1670) thrown at [./src/hotspot/share/prims/jni.cpp, line 615]
Event: 2020.880 Thread 0x0000018b74176000 Exception <a 'sun/nio/fs/WindowsException'{0x00000000917dca58}> (0x00000000917dca58) thrown at [./src/hotspot/share/prims/jni.cpp, line 615]
Event: 2020.883 Thread 0x0000018b79851800 Implicit null exception at 0x0000018b64ecb972 to 0x0000018b64ecbb24
Event: 2020.884 Thread 0x0000018b7984e800 Exception <a 'sun/nio/fs/WindowsException'{0x0000000091674960}> (0x0000000091674960) thrown at [./src/hotspot/share/prims/jni.cpp, line 615]
Event: 2020.887 Thread 0x0000018b797cc000 Implicit null exception at 0x0000018b64ecb972 to 0x0000018b64ecbb24
Event: 2020.887 Thread 0x0000018b7984c800 Implicit null exception at 0x0000018b64ecb972 to 0x0000018b64ecbb24
Event: 2020.887 Thread 0x0000018b7984f000 Implicit null exception at 0x0000018b64ecb972 to 0x0000018b64ecbb24
Event: 2020.888 Thread 0x0000018b7984d800 Implicit null exception at 0x0000018b64ecb972 to 0x0000018b64ecbb24
Event: 2020.920 Thread 0x0000018b74176000 Exception <a 'sun/nio/fs/WindowsException'{0x000000008ffeeb98}> (0x000000008ffeeb98) thrown at [./src/hotspot/share/prims/jni.cpp, line 615]
Event: 2020.923 Thread 0x0000018b74176000 Implicit null exception at 0x0000018b64ecb972 to 0x0000018b64ecbb24
Event: 2020.937 Thread 0x0000018b74177000 Exception <a 'sun/nio/fs/WindowsException'{0x000000008fb63628}> (0x000000008fb63628) thrown at [./src/hotspot/share/prims/jni.cpp, line 615]
Event: 2020.939 Thread 0x0000018b74177000 Implicit null exception at 0x0000018b64ecb972 to 0x0000018b64ecbb24
Event: 2021.007 Thread 0x0000018b7984e800 Exception <a 'sun/nio/fs/WindowsException'{0x000000008f3efd40}> (0x000000008f3efd40) thrown at [./src/hotspot/share/prims/jni.cpp, line 615]
Event: 2021.010 Thread 0x0000018b7984e800 Implicit null exception at 0x0000018b64ecb972 to 0x0000018b64ecbb24
Event: 2021.058 Thread 0x0000018b79851800 Implicit null exception at 0x0000018b64ecc338 to 0x0000018b64ecc54c
Event: 2021.090 Thread 0x0000018b797cc000 Exception <a 'sun/nio/fs/WindowsException'{0x000000008e05fed0}> (0x000000008e05fed0) thrown at [./src/hotspot/share/prims/jni.cpp, line 615]
Event: 2022.718 Thread 0x0000018b79856800 Exception <a 'sun/nio/fs/WindowsException'{0x000000009acbcf28}> (0x000000009acbcf28) thrown at [./src/hotspot/share/prims/jni.cpp, line 615]
Event: 2023.097 Thread 0x0000018b797c4800 Implicit null exception at 0x0000018b64ecb972 to 0x0000018b64ecbb24

Events (20 events):
Event: 2121.448 Thread 0x0000018b7986f000 Thread added: 0x0000018b7986f000
Event: 2121.448 Thread 0x0000018b7986c800 Thread added: 0x0000018b7986c800
Event: 2121.448 Thread 0x0000018b79870000 Thread added: 0x0000018b79870000
Event: 2121.448 Thread 0x0000018b7986d800 Thread added: 0x0000018b7986d800
Event: 2121.448 Thread 0x0000018b79873000 Thread added: 0x0000018b79873000
Event: 2121.448 Thread 0x0000018b79870800 Thread added: 0x0000018b79870800
Event: 2121.448 Thread 0x0000018b79871800 Thread added: 0x0000018b79871800
Event: 2121.448 Thread 0x0000018b79872800 Thread added: 0x0000018b79872800
Event: 2121.448 Thread 0x0000018b763f7800 Thread added: 0x0000018b763f7800
Event: 2121.449 Thread 0x0000018b763f6000 Thread added: 0x0000018b763f6000
Event: 2121.449 Thread 0x0000018b763f5000 Thread added: 0x0000018b763f5000
Event: 2121.449 Thread 0x0000018b763f9000 Thread added: 0x0000018b763f9000
Event: 2121.449 Thread 0x0000018b763fb000 Thread added: 0x0000018b763fb000
Event: 2121.449 Thread 0x0000018b763f8800 Thread added: 0x0000018b763f8800
Event: 2121.449 Thread 0x0000018b763fa000 Thread added: 0x0000018b763fa000
Event: 2121.450 Thread 0x0000018b75624000 Thread added: 0x0000018b75624000
Event: 2121.450 Thread 0x0000018b75621800 Thread added: 0x0000018b75621800
Event: 2121.450 Thread 0x0000018b75625800 Thread added: 0x0000018b75625800
Event: 2121.450 Thread 0x0000018b75625000 Thread added: 0x0000018b75625000
Event: 2121.450 Thread 0x0000018b75626800 Thread added: 0x0000018b75626800


Dynamic libraries:
0x00007ff708060000 - 0x00007ff70806a000 	C:\Program Files\Android\Android Studio\jre\bin\java.exe
0x00007ffafddc0000 - 0x00007ffafe027000 	C:\WINDOWS\SYSTEM32\ntdll.dll
0x00007ffafd1d0000 - 0x00007ffafd299000 	C:\WINDOWS\System32\KERNEL32.DLL
0x00007ffafa7f0000 - 0x00007ffafabe4000 	C:\WINDOWS\System32\KERNELBASE.dll
0x00007ffafaee0000 - 0x00007ffafb02b000 	C:\WINDOWS\System32\ucrtbase.dll
0x00007ffa9dae0000 - 0x00007ffa9daf9000 	C:\Program Files\Android\Android Studio\jre\bin\jli.dll
0x00007ffae7f40000 - 0x00007ffae7f57000 	C:\Program Files\Android\Android Studio\jre\bin\VCRUNTIME140.dll
0x00007ffafd520000 - 0x00007ffafd6e5000 	C:\WINDOWS\System32\USER32.dll
0x00007ffade7d0000 - 0x00007ffadea63000 	C:\WINDOWS\WinSxS\amd64_microsoft.windows.common-controls_6595b64144ccf1df_6.0.26100.8115_none_3e075c82e3354f9c\COMCTL32.dll
0x00007ffafa690000 - 0x00007ffafa6b7000 	C:\WINDOWS\System32\win32u.dll
0x00007ffafc7e0000 - 0x00007ffafc889000 	C:\WINDOWS\System32\msvcrt.dll
0x00007ffafd6f0000 - 0x00007ffafd71b000 	C:\WINDOWS\System32\GDI32.dll
0x00007ffafa6c0000 - 0x00007ffafa7eb000 	C:\WINDOWS\System32\gdi32full.dll
0x00007ffafb030000 - 0x00007ffafb0d3000 	C:\WINDOWS\System32\msvcp_win.dll
0x00007ffafbcf0000 - 0x00007ffafbd22000 	C:\WINDOWS\System32\IMM32.DLL
0x00007ffa6b240000 - 0x00007ffa6b2dd000 	C:\Program Files\Android\Android Studio\jre\bin\msvcp140.dll
0x00007ffa24210000 - 0x00007ffa24ccc000 	C:\Program Files\Android\Android Studio\jre\bin\server\jvm.dll
0x00007ffafbdb0000 - 0x00007ffafbe66000 	C:\WINDOWS\System32\ADVAPI32.dll
0x00007ffafd090000 - 0x00007ffafd137000 	C:\WINDOWS\System32\sechost.dll
0x00007ffafc420000 - 0x00007ffafc538000 	C:\WINDOWS\System32\RPCRT4.dll
0x00007ffafdce0000 - 0x00007ffafdce8000 	C:\WINDOWS\System32\PSAPI.DLL
0x00007ffad9780000 - 0x00007ffad978a000 	C:\WINDOWS\SYSTEM32\WSOCK32.dll
0x00007ffae2a30000 - 0x00007ffae2a66000 	C:\WINDOWS\SYSTEM32\WINMM.dll
0x00007ffaed270000 - 0x00007ffaed27b000 	C:\WINDOWS\SYSTEM32\VERSION.dll
0x00007ffafdcf0000 - 0x00007ffafdd70000 	C:\WINDOWS\System32\WS2_32.dll
0x00007ffaf9420000 - 0x00007ffaf943b000 	C:\WINDOWS\SYSTEM32\kernel.appcore.dll
0x00007ffa35e90000 - 0x00007ffa35ea1000 	C:\Program Files\Android\Android Studio\jre\bin\verify.dll
0x00007ffaf7b20000 - 0x00007ffaf7d62000 	C:\WINDOWS\SYSTEM32\DBGHELP.DLL
0x00007ffafd720000 - 0x00007ffafdaa2000 	C:\WINDOWS\System32\combase.dll
0x00007ffafc540000 - 0x00007ffafc618000 	C:\WINDOWS\System32\OLEAUT32.dll
0x00007ffacaad0000 - 0x00007ffacab0b000 	C:\WINDOWS\SYSTEM32\dbgcore.DLL
0x00007ffafad70000 - 0x00007ffafae15000 	C:\WINDOWS\System32\bcryptPrimitives.dll
0x00007ffa35e60000 - 0x00007ffa35e89000 	C:\Program Files\Android\Android Studio\jre\bin\java.dll
0x00007ffa35e50000 - 0x00007ffa35e5b000 	C:\Program Files\Android\Android Studio\jre\bin\jimage.dll
0x00007ffa35e30000 - 0x00007ffa35e48000 	C:\Program Files\Android\Android Studio\jre\bin\zip.dll
0x00007ffafc8a0000 - 0x00007ffafd007000 	C:\WINDOWS\System32\SHELL32.dll
0x00007ffafb9e0000 - 0x00007ffafbb4a000 	C:\WINDOWS\System32\wintypes.dll
0x00007ffafb0e0000 - 0x00007ffafb948000 	C:\WINDOWS\System32\windows.storage.dll
0x00007ffafc310000 - 0x00007ffafc408000 	C:\WINDOWS\System32\SHCORE.dll
0x00007ffafd2a0000 - 0x00007ffafd306000 	C:\WINDOWS\System32\shlwapi.dll
0x00007ffafa5b0000 - 0x00007ffafa5d9000 	C:\WINDOWS\SYSTEM32\profapi.dll
0x00007ffa35e10000 - 0x00007ffa35e2a000 	C:\Program Files\Android\Android Studio\jre\bin\net.dll
0x00007ffaedd50000 - 0x00007ffaede7d000 	C:\WINDOWS\SYSTEM32\WINHTTP.dll
0x00007ffaf9990000 - 0x00007ffaf99fc000 	C:\WINDOWS\system32\mswsock.dll
0x00007ffa35df0000 - 0x00007ffa35e04000 	C:\Program Files\Android\Android Studio\jre\bin\nio.dll
0x00007ffa35c60000 - 0x00007ffa35c87000 	C:\Users\fulvi\.gradle\native\fdc75f09e3144964f2cf3f50f0aa648679c211496f362492102eb8c894070792\windows-amd64\native-platform.dll
0x00007ffa21fd0000 - 0x00007ffa22166000 	C:\Users\fulvi\.gradle\native\12488b8bf47d2d4c9fbf2f6322a914ad602e24e48041cd04a747c6da556b65c4\windows-amd64\native-platform-file-events.dll
0x00007ffa35de0000 - 0x00007ffa35dea000 	C:\Program Files\Android\Android Studio\jre\bin\management.dll
0x00007ffa35dd0000 - 0x00007ffa35ddc000 	C:\Program Files\Android\Android Studio\jre\bin\management_ext.dll
0x00007ffaf9c70000 - 0x00007ffaf9c8b000 	C:\WINDOWS\SYSTEM32\CRYPTSP.dll
0x00007ffaf9380000 - 0x00007ffaf93b9000 	C:\WINDOWS\system32\rsaenh.dll
0x00007ffaf9a40000 - 0x00007ffaf9a73000 	C:\WINDOWS\SYSTEM32\USERENV.dll
0x00007ffafa580000 - 0x00007ffafa5aa000 	C:\WINDOWS\SYSTEM32\bcrypt.dll
0x00007ffaf9c90000 - 0x00007ffaf9c9c000 	C:\WINDOWS\SYSTEM32\CRYPTBASE.dll
0x00007ffaf8eb0000 - 0x00007ffaf8ee2000 	C:\WINDOWS\SYSTEM32\IPHLPAPI.DLL
0x00007ffafc300000 - 0x00007ffafc30a000 	C:\WINDOWS\System32\NSI.dll
0x00007ffaf3ff0000 - 0x00007ffaf400d000 	C:\WINDOWS\SYSTEM32\dhcpcsvc6.DLL
0x00007ffaf3fc0000 - 0x00007ffaf3fe5000 	C:\WINDOWS\SYSTEM32\dhcpcsvc.DLL
0x00007ffaf8ef0000 - 0x00007ffaf9022000 	C:\WINDOWS\SYSTEM32\DNSAPI.dll
0x00007ffaf8060000 - 0x00007ffaf806e000 	C:\WINDOWS\SYSTEM32\WINNSI.DLL
0x00007ffa34a40000 - 0x00007ffa34a67000 	C:\Program Files\Android\Android Studio\jre\bin\sunec.dll

dbghelp: loaded successfully - version: 4.0.5 - missing functions: none
symbol engine: initialized successfully - sym options: 0x614 - pdb path: .;C:\Program Files\Android\Android Studio\jre\bin;C:\WINDOWS\SYSTEM32;C:\WINDOWS\WinSxS\amd64_microsoft.windows.common-controls_6595b64144ccf1df_6.0.26100.8115_none_3e075c82e3354f9c;C:\Program Files\Android\Android Studio\jre\bin\server;C:\Users\fulvi\.gradle\native\fdc75f09e3144964f2cf3f50f0aa648679c211496f362492102eb8c894070792\windows-amd64;C:\Users\fulvi\.gradle\native\12488b8bf47d2d4c9fbf2f6322a914ad602e24e48041cd04a747c6da556b65c4\windows-amd64

VM Arguments:
jvm_args: --add-opens=java.base/java.util=ALL-UNNAMED --add-opens=java.base/java.lang=ALL-UNNAMED --add-opens=java.base/java.lang.invoke=ALL-UNNAMED --add-opens=java.prefs/java.util.prefs=ALL-UNNAMED -Xmx2048m -Dfile.encoding=UTF-8 -Duser.country=IT -Duser.language=it -Duser.variant 
java_command: org.gradle.launcher.daemon.bootstrap.GradleDaemon 6.8
java_class_path (initial): C:\Users\fulvi\.gradle\wrapper\dists\gradle-6.8-bin\1jblhjyydfkclfzx1agp92nyl\gradle-6.8\lib\gradle-launcher-6.8.jar
Launcher Type: SUN_STANDARD

[Global flags]
     intx CICompilerCount                          = 4                                         {product} {ergonomic}
     uint ConcGCThreads                            = 2                                         {product} {ergonomic}
     uint G1ConcRefinementThreads                  = 8                                         {product} {ergonomic}
   size_t G1HeapRegionSize                         = 1048576                                   {product} {ergonomic}
    uintx GCDrainStackTargetSize                   = 64                                        {product} {ergonomic}
   size_t InitialHeapSize                          = 266338304                                 {product} {ergonomic}
   size_t MarkStackSize                            = 4194304                                   {product} {ergonomic}
   size_t MaxHeapSize                              = 2147483648                                {product} {command line}
   size_t MaxNewSize                               = 1287651328                                {product} {ergonomic}
   size_t MinHeapDeltaBytes                        = 1048576                                   {product} {ergonomic}
    uintx NonNMethodCodeHeapSize                   = 5836300                                {pd product} {ergonomic}
    uintx NonProfiledCodeHeapSize                  = 122910970                              {pd product} {ergonomic}
    uintx ProfiledCodeHeapSize                     = 122910970                              {pd product} {ergonomic}
    uintx ReservedCodeCacheSize                    = 251658240                              {pd product} {ergonomic}
     bool SegmentedCodeCache                       = true                                      {product} {ergonomic}
     bool UseCompressedClassPointers               = true                                 {lp64_product} {ergonomic}
     bool UseCompressedOops                        = true                                 {lp64_product} {ergonomic}
     bool UseG1GC                                  = true                                      {product} {ergonomic}
     bool UseLargePagesIndividualAllocation        = false                                  {pd product} {ergonomic}

Logging:
Log output configuration:
 #0: stdout all=warning uptime,level,tags
 #1: stderr all=off uptime,level,tags

Environment Variables:
PATH=C:\Program Files\NVIDIA GPU Computing Toolkit\CUDA\v11.8\bin;C:\Program Files\NVIDIA GPU Computing Toolkit\CUDA\v11.8\libnvvp;C:\Program Files\Python37\Scripts\;C:\Program Files\Python37\;C:\Program Files\Microsoft\jdk-11.0.16.101-hotspot\bin;C:\Program Files\Common Files\Oracle\Java\javapath;C:\Windows\system32;C:\Windows;C:\Windows\System32\Wbem;C:\Windows\System32\WindowsPowerShell\v1.0\;C:\Windows\System32\OpenSSH\;C:\Program Files (x86)\NVIDIA Corporation\PhysX\Common;C:\WINDOWS\system32;C:\WINDOWS;C:\WINDOWS\System32\Wbem;C:\WINDOWS\System32\WindowsPowerShell\v1.0\;C:\WINDOWS\System32\OpenSSH\;C:\TDM-GCC-64\bin;C:\Program Files\Microsoft SQL Server\150\Tools\Binn\;C:\Program Files\Microsoft SQL Server\130\Tools\Binn\;C:\Program Files\dotnet\;C:\cuda\bin;C:\cuda\include;C:\cuda\lib\x64;C:\WINDOWS\system32;C:\WINDOWS;C:\WINDOWS\System32\Wbem;C:\WINDOWS\System32\WindowsPowerShell\v1.0\;C:\WINDOWS\System32\OpenSSH\;C:\Program Files\NVIDIA Corporation\Nsight Compute 2022.3.0\;C:\Program Files\NVIDIA Corporation\NVIDIA app\NvDLISR;C:\Program Files\Git LFS;C:\Program Files\Git\cmd;C:\Users\fulvi\AppData\Local\Programs\Python\Python310\;C:\Users\fulvi\AppData\Local\Programs\Python\Python310\Scripts\;C:\Users\fulvi\AppData\Local\Programs\Python\Python39\Scripts\;C:\Users\fulvi\AppData\Local\Programs\Python\Python39\;C:\Users\fulvi\.cargo\bin;C:\Program Files\NVIDIA GPU Computing Toolkit\CUDA\v11.8\bin;C:\Program Files\NVIDIA GPU Computing Toolkit\CUDA\v11.8\libnvvp;C:\Program Files\Python37\Scripts\;C:\Program Files\Python37\;C:\Program Files\Microsoft\jdk-11.0.16.101-hotspot\bin;C:\Program Files\Common Files\Oracle\Java\javapath;C:\Windows\system32;C:\Windows;C:\Windows\System32\Wbem;C:\Windows\System32\WindowsPowerShell\v1.0\;C:\Windows\System32\OpenSSH\;C:\Program Files (x86)\NVIDIA Corporation\PhysX\Common;C:\WINDOWS\system32;C:\WINDOWS;C:\WINDOWS\System32\Wbem;C:\WINDOWS\System32\WindowsPowerShell\v1.0\;C:\WINDOWS\System32\OpenSSH\;C:\TDM-GCC-64\bin;C:\Program F
USERNAME=fulvi
OS=Windows_NT
PROCESSOR_IDENTIFIER=Intel64 Family 6 Model 140 Stepping 1, GenuineIntel



---------------  S Y S T E M  ---------------

OS: Windows 10 , 64 bit Build 26100 (10.0.26100.8246)
OS uptime: 1 days 1:36 hours
HyperV virtualization detected

CPU:total 8 (initial active 8) (4 cores per cpu, 2 threads per core) family 6 model 140 stepping 1, cmov, cx8, fxsr, mmx, sse, sse2, sse3, ssse3, sse4.1, sse4.2, popcnt, avx, avx2, aes, clmul, erms, 3dnowpref, lzcnt, ht, tsc, tscinvbit, bmi1, bmi2, adx, evex, sha, fma

Memory: 4k page, system-wide physical 16167M (3733M free)
TotalPageFile size 16167M (AvailPageFile size 1M)
current process WorkingSet (physical memory assigned to process): 701M, peak: 701M
current process commit charge ("private bytes"): 846M, peak: 868M

vm_info: OpenJDK 64-Bit Server VM (11.0.8+10-b944.6842174) for windows-amd64 JRE (11.0.8+10-b944.6842174), built on Sep 19 2020 01:11:42 by "builder" with MS VC++ 14.0 (VS2015)

END.
